language,project,bug_id,raw_mapping,is_no_operator,strict_eligible,operators,unresolved_labels,mapping_id
Java,cli,Cli2,"CR[6],CFSM[27]",False,True,CFSM;CR,,Java::cli::Cli2
Java,cli,Cli3,"MCR[2],CI[36]",False,True,CI;MCR,,Java::cli::Cli3
Java,cli,Cli4,SM[30],False,True,SM,,Java::cli::Cli4
Java,cli,cli5,"CI[36],MRV[145]",False,True,CI;MRV,,Java::cli::cli5
Java,cli,Cli7,DTR[5],False,True,DTR,,Java::cli::Cli7
Java,cli,Cli8,CR[6],False,True,CR,,Java::cli::Cli8
Java,cli,Cli9,SI[77],False,True,SI,,Java::cli::Cli9
Java,cli,Cli10,"RAR[8],MCR[2]",False,True,MCR;RAR,,Java::cli::Cli10
Java,cli,Cli11,"AOR[9],ROR[70],SD[28],SI[77]",False,True,AOR;ROR;SD;SI,,Java::cli::Cli11
Java,cli,Cli12,"ROR[70],CR[6],EII[?]",False,True,CR;EII;ROR,,Java::cli::Cli12
Java,cli,Cli13,no,True,False,,,Java::cli::Cli13
Java,cli,Cli14,"DOC[16],CFSM[27],CI[36]",False,True,CFSM;CI;DOC,,Java::cli::Cli14
Java,cli,Cli15,"BCO[17],FLI[205],MCR[2]",False,True,BCO;FLI;MCR,,Java::cli::Cli15
Java,cli,Cli16,no,True,False,,,Java::cli::Cli16
Java,cli,Cli17,CFSM[27],False,True,CFSM,,Java::cli::Cli17
Java,cli,Cli18,"MCR[2],DOM[?]",False,True,MA;MCR,,Java::cli::Cli18
Java,cli,Cli19,"MOCS[20],VA[200],VR[26],ROR[70]",False,True,MOCS;ROR;VA;VR,,Java::cli::Cli19
Java,cli,Cli20,"MCR[2],MOCS[20],CI[36]",False,True,CI;MCR;MOCS,,Java::cli::Cli20
Java,cli,Cli21,no,True,False,,,Java::cli::Cli21
Java,cli,Cli22,no,True,False,,,Java::cli::Cli22
Java,cli,Cli23,"SD[28],CI[36],MCR[2]",False,True,CI;MCR;SD,,Java::cli::Cli23
Java,cli,Cli24,VA[200],False,True,VA,,Java::cli::Cli24
Java,cli,Cli25,VA[200],False,True,VA,,Java::cli::Cli25
Java,cli,Cli26,"VR[26],EI[38],MCR[2]",False,True,EI;MCR;VR,,Java::cli::Cli26
Java,cli,Cli27,MCR[2],False,True,MCR,,Java::cli::Cli27
Java,cli,Cli28,CFSM[27],False,True,CFSM,,Java::cli::Cli28
Java,cli,Cli29,"DOC[16],MOCS[20],SM[30],ROR[70]",False,True,DOC;MOCS;ROR;SM,,Java::cli::Cli29
Java,cli,Cli30,"CN[31],MCR[2],CI[36]",False,True,CI;CN;MCR,,Java::cli::Cli30
Java,cli,Cli31,no,True,False,,,Java::cli::Cli31
Java,cli,Cli32,LD[33],False,True,WLI,,Java::cli::Cli32
Java,cli,Cli33,no,True,False,,,Java::cli::Cli33
Java,cli,Cli34,"VA[200],DTR[5]",False,True,DTR;VA,,Java::cli::Cli34
Java,cli,Cli35,"CI[36],MRV[145]",False,True,CI;MRV,,Java::cli::Cli35
Java,cli,Cli36,"AIS[218],MCR[2]",False,True,AIS;MCR,,Java::cli::Cli36
Java,cli,Cli37,"CI[36],LOR[58],MRV[145]",False,True,CI;LOR;MRV,,Java::cli::Cli37
Java,cli,Cli38,"CI[36],LOR[58],MRV[145]",False,True,CI;LOR;MRV,,Java::cli::Cli38
Java,cli,Cli39,no,True,False,,,Java::cli::Cli39
Java,cli,Cli40,SI[77],False,True,SI,,Java::cli::Cli40
Java,cli,Cli41,"VA[200],EII[?],VR[26]",False,True,EII;VA;VR,,Java::cli::Cli41
Java,cli,Cli42,"CI[36],SI[77]",False,True,CI;SI,,Java::cli::Cli42
Java,csv,Csv1,"MOCS[20],LOR[58]",False,True,LOR;MOCS,,Java::csv::Csv1
Java,csv,Csv2,EI[38],False,True,EI,,Java::csv::Csv2
Java,csv,Csv3,"CI[36],MRV[145],LOR[58]",False,True,CI;LOR;MRV,,Java::csv::Csv3
Java,csv,Csv4,"CI[36],LOR[58],MRV[145],MCR[2]",False,True,CI;LOR;MCR;MRV,,Java::csv::Csv4
Java,csv,Csv5,CI[36],False,True,CI,,Java::csv::Csv5
Java,csv,Csv6,CI[36],False,True,CI,,Java::csv::Csv6
Java,csv,CSV7,"AIS[218],CI[36]",False,True,AIS;CI,,Java::csv::CSV7
Java,csv,csv8,"CI[36],MCR[2],FLI[205],SI[77],DOM[?]",False,True,CI;FLI;MA;MCR;SI,,Java::csv::csv8
Java,csv,csv9,"AONC[42],CI[36]",False,True,CI,,Java::csv::csv9
Java,csv,Csv10,"RE[196],CI[36],MCR[2]",False,True,CI;MCR,,Java::csv::Csv10
Java,csv,Csv11,"AONC[42],LOR[58]",False,True,LOR,,Java::csv::Csv11
Java,csv,Csv12,MCR[2],False,True,MCR,,Java::csv::Csv12
Java,csv,Csv13,"MCR[2],CI[36]",False,True,CI;MCR,,Java::csv::Csv13
Java,csv,Csv14,LOR[58],False,True,LOR,,Java::csv::Csv14
Java,csv,Csv15,CI[36],False,True,CI,,Java::csv::Csv15
Java,csv,Csv16,"MCR[2],VR[26],MRV[145]",False,True,MCR;MRV;VR,,Java::csv::Csv16
Java,csv,Csv17,MRV[145],False,True,MRV,,Java::csv::Csv17
Java,codec,codec1,"MRV[145],MCR[2]",False,True,MCR;MRV,,Java::codec::codec1
Java,codec,codec2,"MOCS[20],LOR[58]",False,True,LOR;MOCS,,Java::codec::codec2
Java,codec,codec3,"CR[6],SD[28],El[?]",False,True,CR;SD,,Java::codec::codec3
Java,codec,codec4,CR[6],False,True,CR,,Java::codec::codec4
Java,codec,codec5,CI[36],False,True,CI,,Java::codec::codec5
Java,codec,codec6,"WLI[205],VA[200],MRV[145],MCR[2]",False,True,MCR;MRV;VA;WLI,,Java::codec::codec6
Java,codec,codec7,MRV[145],False,True,MRV,,Java::codec::codec7
Java,codec,codec8,DOM[?],False,True,MA,,Java::codec::codec8
Java,codec,codec9,"CI[36],MPM[93]",False,True,CI;MPM,,Java::codec::codec9
Java,codec,codec10,SMRO[52],False,True,SM,,Java::codec::codec10
Java,codec,codec11,no,True,False,,,Java::codec::codec11
Java,codec,codec12,no,True,False,,,Java::codec::codec12
Java,codec,codec13,no,True,False,,,Java::codec::codec13
Java,codec,codec14,no,True,False,,,Java::codec::codec14
Java,codec,codec15,"FLI[205],MCR[2],CI[36]",False,True,CI;FLI;MCR,,Java::codec::codec15
Java,codec,codec16,DS[28],False,True,SD,,Java::codec::codec16
Java,codec,codec17,MCR[2],False,True,MCR,,Java::codec::codec17
Java,codec,codec18,"LOR[58],MPM[93]",False,True,LOR;MPM,,Java::codec::codec18
Java,codec,codec19,"MCR[2],DS[28]",False,True,MCR;SD,,Java::codec::codec19
Java,gson,gson1,CI[36],False,True,CI,,Java::gson::gson1
Java,gson,gson2,"CI[36],CASEI[?]",False,True,CASEI;CI,,Java::gson::gson2
Java,gson,gson3,CI[36],False,True,CI,,Java::gson::gson3
Java,gson,gson4,"LOR[58],CI[36]",False,True,CI;LOR,,Java::gson::gson4
Java,gson,gson5,"LOR[58],CI[36],SR[183]",False,True,CI;LOR;SR,,Java::gson::gson5
Java,gson,gson6,"CI[36],MCR[2],MRV[145]",False,True,CI;MCR;MRV,,Java::gson::gson6
Java,gson,gson7,"CI[36],MCR[2]",False,True,CI;MCR,,Java::gson::gson7
Java,gson,gson8,DS[28],False,True,SD,,Java::gson::gson8
Java,gson,gson9,"LOR[58],DS[28]",False,True,LOR;SD,,Java::gson::gson9
Java,gson,gson10,"SR[183],DS[28]",False,True,SD;SR,,Java::gson::gson10
Java,gson,gson11,no,True,False,,,Java::gson::gson11
Java,gson,gson12,no,True,False,,,Java::gson::gson12
Java,gson,gson13,no,True,False,,,Java::gson::gson13
Java,gson,gson14,"MCR[2],MPM[93]",False,True,MCR;MPM,,Java::gson::gson14
Java,gson,gson15,no,True,False,,,Java::gson::gson15
Java,gson,gson16,no,True,False,,,Java::gson::gson16
Java,gson,gson17,no,True,False,,,Java::gson::gson17
Java,gson,gson18,"CI[36],MCR[2],MRV[145]",False,True,CI;MCR;MRV,,Java::gson::gson18
Java,gson,gson19,no,True,False,,,Java::gson::gson19
Java,gson,gson20,MCR[2],False,True,MCR,,Java::gson::gson20
Java,gson,gson21,no,True,False,,,Java::gson::gson21
Java,gson,gson22,no,True,False,,,Java::gson::gson22
Java,gson,gson23,no,True,False,,,Java::gson::gson23
Java,gson,gson24,no,True,False,,,Java::gson::gson24
Java,gson,gson25,no,True,False,,,Java::gson::gson25
Java,chart,chart1,ROR[70],False,True,ROR,,Java::chart::chart1
Java,chart,chart2,no,True,False,,,Java::chart::chart2
Java,chart,chart3,SI[77],False,True,SI,,Java::chart::chart3
Java,chart,chart4,CI[36],False,True,CI,,Java::chart::chart4
Java,chart,chart5,"CI[36],MCR[2],MRV[145]",False,True,CI;MCR;MRV,,Java::chart::chart5
Java,chart,chart6,no,True,False,,,Java::chart::chart6
Java,chart,chart7,MCR[2],False,True,MCR,,Java::chart::chart7
Java,chart,chart8,MPM[93],False,True,MPM,,Java::chart::chart8
Java,chart,chart9,LOR[58],False,True,LOR,,Java::chart::chart9
Java,chart,chart10,MCR[2],False,True,MCR,,Java::chart::chart10
Java,chart,chart11,VR[26],False,True,VR,,Java::chart::chart11
Java,chart,chart12,MCR[2],False,True,MCR,,Java::chart::chart12
Java,chart,chart13,"CR[6],MPM[93]",False,True,CR;MPM,,Java::chart::chart13
Java,chart,chart14,"CI[36],MRV[145]",False,True,CI;MRV,,Java::chart::chart14
Java,chart,chart15,"CI[36],MRV[145]",False,True,CI;MRV,,Java::chart::chart15
Java,chart,chart16,MCR[2],False,True,MCR,,Java::chart::chart16
Java,chart,chart17,MCR[2],False,True,MCR,,Java::chart::chart17
Java,chart,chart18,no,True,False,,,Java::chart::chart18
Java,chart,chart19,"CI[36],SI[77]",False,True,CI;SI,,Java::chart::chart19
Java,chart,chart20,MPM[93],False,True,MPM,,Java::chart::chart20
Java,chart,chart21,no,True,False,,,Java::chart::chart21
Java,chart,chart22,no,True,False,,,Java::chart::chart22
Java,chart,chart23,no,True,False,,,Java::chart::chart23
Java,chart,chart24,VR[26],False,True,VR,,Java::chart::chart24
Java,chart,chart25,no,True,False,,,Java::chart::chart25
Java,chart,chart26,CI[36],False,True,CI,,Java::chart::chart26
Java,collections,collections25,no,True,False,,,Java::collections::collections25
Java,collections,collections26,VR[26],False,True,VR,,Java::collections::collections26
Java,collections,collections27,no,True,False,,,Java::collections::collections27
Java,collections,collections28,no,True,False,,,Java::collections::collections28
Java,collections,collections29,SR[183],False,True,SR,,Java::collections::collections29
Java,collections,collections30,"MCR[2],MRV[145]",False,True,MCR;MRV,,Java::collections::collections30
Java,collections,collections31,SR[183],False,True,SR,,Java::collections::collections31
Java,closure,closure1,BCO[17],False,True,BCO,,Java::closure::closure1
Java,closure,closure2,"CI[36],MCR[2]",False,True,CI;MCR,,Java::closure::closure2
Java,closure,closure3,no,True,False,,,Java::closure::closure3
Java,closure,closure4,MNM[94],False,True,MCR,,Java::closure::closure4
Java,closure,closure5,"CI[36],MRV[145]",False,True,CI;MRV,,Java::closure::closure5
Java,closure,closure6,DOC[16],False,True,DOC,,Java::closure::closure6
Java,closure,closure7,"EII[?],MRV[145]",False,True,EII;MRV,,Java::closure::closure7
Java,closure,closure8,"MA[39],LOR[58]",False,True,LOR;MA,,Java::closure::closure8
Java,closure,closure9,MCR[2],False,True,MCR,,Java::closure::closure9
Java,closure,closure10,MCR[2],False,True,MCR,,Java::closure::closure10
Java,closure,closure11,DOC[16],False,True,DOC,,Java::closure::closure11
Java,closure,closure12,no,True,False,,,Java::closure::closure12
Java,closure,closure13,SR[183],False,True,SR,,Java::closure::closure13
Java,closure,closure14,CR[6],False,True,CR,,Java::closure::closure14
Java,closure,closure15,"BCO[17],MRV[145]",False,True,BCO;MRV,,Java::closure::closure15
Java,closure,closure16,no,True,False,,,Java::closure::closure16
Java,closure,closure17,no,True,False,,,Java::closure::closure17
Java,closure,closure18,LOR[58],False,True,LOR,,Java::closure::closure18
Java,closure,closure19,"CI[?],CFSM[27]",False,True,CFSM;CI,,Java::closure::closure19
Java,closure,closure20,ROR[70],False,True,ROR,,Java::closure::closure20
Java,closure,closure21,no,True,False,,,Java::closure::closure21
Java,closoure,closoure22,no,True,False,,,Java::closoure::closoure22
Java,closure,closure23,no,True,False,,,Java::closure::closure23
Java,closure,closure24,"LOR[58],EII[?]",False,True,EII;LOR,,Java::closure::closure24
Java,closure,closure25,"SR[183],DOL[?],MCR[2]",False,True,MCR;SR,,Java::closure::closure25
Java,closure,closure26,"MCR[2],CI[36],MRV[145]",False,True,CI;MCR;MRV,,Java::closure::closure26
Java,closure,closure27,"MA[39],MCR[2]",False,True,MA;MCR,,Java::closure::closure27
Java,closure,closure28,"MA[39],AA[214]",False,True,AA;MA,,Java::closure::closure28
Java,closure,closure29,no,True,False,,,Java::closure::closure29
Java,closure,closure30,no,True,False,,,Java::closure::closure30
Java,closure,closure31,DOC[16],False,True,DOC,,Java::closure::closure31
Java,closure,closure32,no,True,False,,,Java::closure::closure32
Java,closure,closure33,"CI[36],MRV[145]",False,True,CI;MRV,,Java::closure::closure33
Java,closure,closure34,"MPM[93],LOR[58],CI[36]",False,True,CI;LOR;MPM,,Java::closure::closure34
Java,closure,closure35,"CI[36],MCR[2]",False,True,CI;MCR,,Java::closure::closure35
Java,closure,closure36,"CI[36],MRV[145]",False,True,CI;MRV,,Java::closure::closure36
Java,closure,closure37,no,True,False,,,Java::closure::closure37
Java,closure,closure38,LOR[58],False,True,LOR,,Java::closure::closure38
Java,closure,closure39,"MPM[93],ROR[70],MRV[145]",False,True,MPM;MRV;ROR,,Java::closure::closure39
Java,closure,closure40,MPM[93],False,True,MPM,,Java::closure::closure40
Java,closure,closure41,no,True,False,,,Java::closure::closure41
Java,closure,closure42,no,True,False,,,Java::closure::closure42
Java,closure,closure43,no,True,False,,,Java::closure::closure43
Java,closure,closure44,"EII[?],LOR[58],SI[77]",False,True,EII;LOR;SI,,Java::closure::closure44
Java,closure,closure45,no,True,False,,,Java::closure::closure45
Java,closure,closure46,no,True,False,,,Java::closure::closure46
Java,closure,closure47,no,True,False,,,Java::closure::closure47
Java,closure,closure48,"LOR[58],EII[?]",False,True,EII;LOR,,Java::closure::closure48
Java,closure,closure49,no,True,False,,,Java::closure::closure49
Java,closure,closure50,"LOR[58],CI[36]",False,True,CI;LOR,,Java::closure::closure50
Java,closure,closure51,"LOR[58],MA[39],MRV[145]",False,True,LOR;MA;MRV,,Java::closure::closure51
Java,closure,closure52,LOR[58],False,True,LOR,,Java::closure::closure52
Java,closure,closure53,"CI[36],MCR[2]",False,True,CI;MCR,,Java::closure::closure53
Java,closure,closure54,no,True,False,,,Java::closure::closure54
Java,closure,closure55,"LOR[58],MCR[2]",False,True,LOR;MCR,,Java::closure::closure55
Java,closure,closure56,BCO[17],False,True,BCO,,Java::closure::closure56
Java,closure,closure57,LOR[58],False,True,LOR,,Java::closure::closure57
Java,closure,closure58,CI[36],False,True,CI,,Java::closure::closure58
Java,closure,closure59,"LOR[58],CI[36]",False,True,CI;LOR,,Java::closure::closure59
Java,closure,closure60,"CI[?],CFSM[27],CI[36],MRV[145]",False,True,CFSM;CI;MRV,,Java::closure::closure60
Java,closure,closure61,no,True,False,,,Java::closure::closure61
Java,closure,closure62,"BCO[17],LOR[58]",False,True,BCO;LOR,,Java::closure::closure62
Java,closure,closure64,"MPM[93],MRV[145],LOR[58]",False,True,LOR;MPM;MRV,,Java::closure::closure64
Java,closure,closure65,CR[6],False,True,CR,,Java::closure::closure65
Java,closure,closure66,"EI[?],MCR2]",False,True,EI,,Java::closure::closure66
Java,closure,closure67,ROR[70],False,True,ROR,,Java::closure::closure67
Java,closure,closure68,"BR[140],MCR[2]",False,True,BR;MCR,,Java::closure::closure68
Java,unknown,69,"CI[36],LOR[58],MCR[2]",False,True,CI;LOR;MCR,,Java::unknown::69
Java,unknown,70,MCR[2],False,True,MCR,,Java::unknown::70
Java,unknown,71,"LOR[58],MCR[2]",False,True,LOR;MCR,,Java::unknown::71
Java,unknown,72,"MCR[2],LOR[58]",False,True,LOR;MCR,,Java::unknown::72
Java,unknown,73,ROR[70],False,True,ROR,,Java::unknown::73
Java,unknown,74,no,True,False,,,Java::unknown::74
Java,unknown,75,"CI[36],MCR[2]",False,True,CI;MCR,,Java::unknown::75
Java,unknown,76,no,True,False,,,Java::unknown::76
Java,unknown,77,CI[?],False,True,CI,,Java::unknown::77
Java,unknown,78,SD[28],False,True,SD,,Java::unknown::78
Java,unknown,79,"MPM[93],MCR[2]",False,True,MCR;MPM,,Java::unknown::79
Java,unknown,80,CI[?],False,True,CI,,Java::unknown::80
Java,unknown,81,no,True,False,,,Java::unknown::81
Java,unknown,82,LOR[58],False,True,LOR,,Java::unknown::82
Java,unknown,83,"VA[200],EI[38]",False,True,EI;VA,,Java::unknown::83
Java,unknown,84,no,True,False,,,Java::unknown::84
Java,unknown,85,no,True,False,,,Java::unknown::85
Java,unknown,86,MRV[145],False,True,MRV,,Java::unknown::86
Java,unknown,87,no,True,False,,,Java::unknown::87
Java,unknown,88,no,True,False,,,Java::unknown::88
Java,unknown,89,"CI[36],MCR[2],ROR[70]",False,True,CI;MCR;ROR,,Java::unknown::89
Java,unknown,90,"CI[36],MCR[2]",False,True,CI;MCR,,Java::unknown::90
Java,unknown,91,no,True,False,,,Java::unknown::91
Java,unknown,92,MCR[2],False,True,MCR,,Java::unknown::92
Java,unknown,94,no,True,False,,,Java::unknown::94
Java,unknown,95,"CI[36],MCR[2]",False,True,CI;MCR,,Java::unknown::95
Java,unknown,96,"LOR[58],CI[36]",False,True,CI;LOR,,Java::unknown::96
Java,unknown,97,"VA[200],DTR[5]",False,True,DTR;VA,,Java::unknown::97
Java,unknown,98,no,True,False,,,Java::unknown::98
Java,unknown,99,no,True,False,,,Java::unknown::99
Java,unknown,100,"VA[200],CI[36],LOR[58], MRV[145]",False,True,CI;LOR;MRV;VA,,Java::unknown::100
Java,unknown,101,VA[200],False,True,VA,,Java::unknown::101
Java,unknown,102,SR[183],False,True,SR,,Java::unknown::102
Java,unknown,103,no,True,False,,,Java::unknown::103
Java,unknown,104,MOCS[20],False,True,MOCS,,Java::unknown::104
Java,unknown,105,"VA[200],CI[36],MCR[2]",False,True,CI;MCR;VA,,Java::unknown::105
Java,unknown,106,"MCR[2],CI[36],MRV[145],DOC[16]",False,True,CI;DOC;MCR;MRV,,Java::unknown::106
Java,unknown,107,MCR[2],False,True,MCR,,Java::unknown::107
Java,unknown,108,"MCR[2],LOR[58]",False,True,LOR;MCR,,Java::unknown::108
Java,unknown,109,"CI[36],MRV[145]",False,True,CI;MRV,,Java::unknown::109
Java,unknown,110,no,True,False,,,Java::unknown::110
Java,unknown,111,"CI[36],MRV[145]",False,True,CI;MRV,,Java::unknown::111
Java,unknown,112,no,True,False,,,Java::unknown::112
Java,unknown,113,LOR[58],False,True,LOR,,Java::unknown::113
Java,unknown,114,"LOR[58],EII[?]",False,True,EII;LOR,,Java::unknown::114
Java,unknown,115,no,True,False,,,Java::unknown::115
Java,unknown,116,no,True,False,,,Java::unknown::116
Java,unknown,117,no,True,False,,,Java::unknown::117
Java,unknown,118,"CI[36],CFSM[27]",False,True,CFSM;CI,,Java::unknown::118
Java,unknown,119,CI[?],False,True,CI,,Java::unknown::119
Java,unknown,120,"CI[36],MRV[145]",False,True,CI;MRV,,Java::unknown::120
Java,unknown,121,LOR[58],False,True,LOR,,Java::unknown::121
Java,unknown,122,"CI[36],VA[200],DTR[5],MCR[2]",False,True,CI;DTR;MCR;VA,,Java::unknown::122
Java,unknown,123,MCR[2],False,True,MCR,,Java::unknown::123
Java,unknown,124,WLI[205],False,True,WLI,,Java::unknown::124
Java,unknown,125,LOR[58],False,True,LOR,,Java::unknown::125
Java,unknown,126,DOC[16],False,True,DOC,,Java::unknown::126
Java,unknown,127,no,True,False,,,Java::unknown::127
Java,unknown,128,"CI[36], MRV[145],LOR[58]",False,True,CI;LOR;MRV,,Java::unknown::128
Java,unknown,129,WLI[205],False,True,WLI,,Java::unknown::129
Java,unknown,130,"MOCS[20],LOR[58}",False,True,LOR;MOCS,,Java::unknown::130
Java,unknown,131,"MOCS[20],LOR[58}",False,True,LOR;MOCS,,Java::unknown::131
Java,unknown,132,"MOCS[20],LOR[58}",False,True,LOR;MOCS,,Java::unknown::132
Java,unknown,133,SI[77],False,True,SI,,Java::unknown::133
Java,unknown,134,no,True,False,,,Java::unknown::134
Java,unknown,135,no,True,False,,,Java::unknown::135
Java,unknown,136,no,True,False,,,Java::unknown::136
Java,unknown,137,no,True,False,,,Java::unknown::137
Java,unknown,138,no,True,False,,,Java::unknown::138
Java,unknown,139,no,True,False,,,Java::unknown::139
Java,unknown,140,no,True,False,,,Java::unknown::140
Java,unknown,141,no,True,False,,,Java::unknown::141
Java,unknown,142,"CI[36],MCR[2],LOR[58],BR[140]",False,True,BR;CI;LOR;MCR,,Java::unknown::142
Java,unknown,143,LOR[58],False,True,LOR,,Java::unknown::143
Java,unknown,144,no,True,False,,,Java::unknown::144
Java,unknown,145,no,True,False,,,Java::unknown::145
Java,unknown,146,"MCR[2],MRV[145]",False,True,MCR;MRV,,Java::unknown::146
Java,unknown,147,no,True,False,,,Java::unknown::147
Java,unknown,148,no,True,False,,,Java::unknown::148
Java,unknown,149,no,True,False,,,Java::unknown::149
Java,unknown,150,"MCR[2],DOC[16]",False,True,DOC;MCR,,Java::unknown::150
Java,unknown,151,no,True,False,,,Java::unknown::151
Java,unknown,152,"MCR[2],CI[36]",False,True,CI;MCR,,Java::unknown::152
Java,unknown,153,no,True,False,,,Java::unknown::153
Java,unknown,154,no,True,False,,,Java::unknown::154
Java,unknown,155,no,True,False,,,Java::unknown::155
Java,unknown,156,no,True,False,,,Java::unknown::156
Java,unknown,157,no,True,False,,,Java::unknown::157
Java,unknown,158,no,True,False,,,Java::unknown::158
Java,unknown,159,"CI[36],MCR[2]",False,True,CI;MCR,,Java::unknown::159
Java,unknown,160,"MCR[2],LOR[58]",False,True,LOR;MCR,,Java::unknown::160
Java,unknown,161,CI[36],False,True,CI,,Java::unknown::161
Java,unknown,162,no,True,False,,,Java::unknown::162
Java,unknown,163,no,True,False,,,Java::unknown::163
Java,unknown,164,no,True,False,,,Java::unknown::164
Java,unknown,165,no,True,False,,,Java::unknown::165
Java,unknown,166,no,True,False,,,Java::unknown::166
Java,unknown,167,no,True,False,,,Java::unknown::167
Java,unknown,168,"MOCS[20],CR[6]",False,True,CR;MOCS,,Java::unknown::168
Java,unknown,169,no,True,False,,,Java::unknown::169
Java,unknown,170,no,True,False,,,Java::unknown::170
Java,unknown,171,"LOR[58],CI[36]",False,True,CI;LOR,,Java::unknown::171
Java,unknown,172,no,True,False,,,Java::unknown::172
Java,unknown,173,no,True,False,,,Java::unknown::173
Java,unknown,174,no,True,False,,,Java::unknown::174
Java,unknown,175,no,True,False,,,Java::unknown::175
Java,unknown,176,no,True,False,,,Java::unknown::176
Java,compress,Compress1,MCR[2],False,True,MCR,,Java::compress::Compress1
Java,unknown,2,No operator,True,False,,,Java::unknown::2
Java,unknown,3,"VA[200],CI[36]",False,True,CI;VA,,Java::unknown::3
Java,unknown,4,"MOD[?],MCR[2]",False,True,MCR,,Java::unknown::4
Java,unknown,5,"MOCS[20],LOR[58]",False,True,LOR;MOCS,,Java::unknown::5
Java,unknown,6,"MOCS[20],MCR[2]",False,True,MCR;MOCS,,Java::unknown::6
Java,unknown,7,"MOCS[20],DTR[5],MCR[2]",False,True,DTR;MCR;MOCS,,Java::unknown::7
Java,unknown,8,no,True,False,,,Java::unknown::8
Java,unknown,9,no,True,False,,,Java::unknown::9
Java,unknown,10,"MCR[2],FLI[205]",False,True,FLI;MCR,,Java::unknown::10
Java,unknown,11,CI[36],False,True,CI,,Java::unknown::11
Java,unknown,12,EI[38],False,True,EI,,Java::unknown::12
Java,unknown,13,"CI[36],MCR[2]",False,True,CI;MCR,,Java::unknown::13
Java,unknown,14,MOCS[20],False,True,MOCS,,Java::unknown::14
Java,unknown,15,"SI[77],MOCS[20],ROR[70]",False,True,MOCS;ROR;SI,,Java::unknown::15
Java,unknown,16,"MCR[2],CI[36]",False,True,CI;MCR,,Java::unknown::16
Java,unknown,17,WLI[205],False,True,WLI,,Java::unknown::17
Java,unknown,18,"WLI[205],MCR[2]",False,True,MCR;WLI,,Java::unknown::18
Java,unknown,19,ROR[70],False,True,ROR,,Java::unknown::19
Java,unknown,20,COR[10],False,True,ROR,,Java::unknown::20
Java,unknown,21,COR[10],False,True,ROR,,Java::unknown::21
Java,unknown,22,"SD[28],MRV[145]",False,True,MRV;SD,,Java::unknown::22
Java,unknown,23,"BWO[186],DTR[5]",False,True,BWO;DTR,,Java::unknown::23
Java,unknown,24,WLI[205],False,True,WLI,,Java::unknown::24
Java,unknown,25,"WLI[205],LOR[58],CI[36],MCR[2],MPM[93]",False,True,CI;LOR;MCR;MPM;WLI,,Java::unknown::25
Java,unknown,26,MCR[2],False,True,MCR,,Java::unknown::26
Java,unknown,27,DOC[16],False,True,DOC,,Java::unknown::27
Java,unknown,28,"CI[36],SR[183]",False,True,CI;SR,,Java::unknown::28
Java,unknown,29,no,True,False,,,Java::unknown::29
Java,unknown,30,CI[36],False,True,CI,,Java::unknown::30
Java,unknown,31,DOC[16],False,True,DOC,,Java::unknown::31
Java,unknown,32,DTR[5],False,True,DTR,,Java::unknown::32
Java,unknown,33,no,True,False,,,Java::unknown::33
Java,unknown,34,"MCR[2],MRV[145],MD[?]",False,True,MCR;MRV,,Java::unknown::34
Java,unknown,35,"MCR[2],DOC[16]",False,True,DOC;MCR,,Java::unknown::35
Java,unknown,36,"CI[36],MRV[145]",False,True,CI;MRV,,Java::unknown::36
Java,unknown,37,COR[10],False,True,ROR,,Java::unknown::37
Java,unknown,38,LOR[58],False,True,LOR,,Java::unknown::38
Java,unknown,39,no,True,False,,,Java::unknown::39
Java,unknown,40,no,True,False,,,Java::unknown::40
Java,unknown,41,"SR[183],MCR[2]",False,True,MCR;SR,,Java::unknown::41
Java,unknown,42,"VA[200],MRV[145]",False,True,MRV;VA,,Java::unknown::42
Java,unknown,43,MPM[93],False,True,MPM,,Java::unknown::43
Java,unknown,44,CI[36],False,True,CI,,Java::unknown::44
Java,unknown,45,"EI[?],SR[183]",False,True,EI;SR,,Java::unknown::45
Java,unknown,46,"LOR[58],COR[10]",False,True,LOR;ROR,,Java::unknown::46
Java,unknown,47,no,True,False,,,Java::unknown::47
Java,unknown,48,MPM[93],False,True,MPM,,Java::unknown::48
Java,unknown,50,no,True,False,,,Java::unknown::50
Java,unknown,52,"MPM[93],MCR[2]",False,True,MCR;MPM,,Java::unknown::52
Java,unknown,53,MRV[145],False,True,MRV,,Java::unknown::53
Java,jacksoncore,JacksonCore1,no,True,False,,,Java::jacksoncore::JacksonCore1
Java,unknown,2,no,True,False,,,Java::unknown::2
Java,unknown,3,VA[200],False,True,VA,,Java::unknown::3
Java,unknown,4,AOR[9],False,True,AOR,,Java::unknown::4
Java,unknown,5,IOR[199],False,True,AOR,,Java::unknown::5
Java,unknown,6,"CI[36], VA[200]",False,True,CI;VA,,Java::unknown::6
Java,unknown,7,LOR[58],False,True,LOR,,Java::unknown::7
Java,unknown,8,"BCO[17],LOR[58]",False,True,BCO;LOR,,Java::unknown::8
Java,unknown,9,no,True,False,,,Java::unknown::9
Java,unknown,10,"LOR[58], BWO[186]",False,True,BWO;LOR,,Java::unknown::10
Java,unknown,11,MCR[2],False,True,MCR,,Java::unknown::11
Java,unknown,12,no,True,False,,,Java::unknown::12
Java,unknown,13,no,True,False,,,Java::unknown::13
Java,unknown,14,"ROR[70],MRV[145]",False,True,MRV;ROR,,Java::unknown::14
Java,unknown,15,no,True,False,,,Java::unknown::15
Java,unknown,16,no,True,False,,,Java::unknown::16
Java,unknown,17,no,True,False,,,Java::unknown::17
Java,unknown,18,no,True,False,,,Java::unknown::18
Java,unknown,19,CI[36],False,True,CI,,Java::unknown::19
Java,unknown,20,"CI[36],MCR[2],MPM[93]",False,True,CI;MCR;MPM,,Java::unknown::20
Java,unknown,21,CI[36],False,True,CI,,Java::unknown::21
Java,unknown,22,"ROR[58],CI[36],MA[39]",False,True,CI;MA;ROR,,Java::unknown::22
Java,unknown,23,"CI[36],MCR[2]",False,True,CI;MCR,,Java::unknown::23
Java,unknown,24,no,True,False,,,Java::unknown::24
Java,unknown,25,ROR[70],False,True,ROR,,Java::unknown::25
Java,unknown,26,VA[200],False,True,VA,,Java::unknown::26
Java,unknown,28,CI[36],False,True,CI,,Java::unknown::28
Java,unknown,29,VA[200],False,True,VA,,Java::unknown::29
Java,unknown,30,AOR[9],False,True,AOR,,Java::unknown::30
Java,unknown,31,"CI[36],MCR[2]",False,True,CI;MCR,,Java::unknown::31
Java,jacksondatabind,JacksonDatabind1,MRV[145],False,True,MRV,,Java::jacksondatabind::JacksonDatabind1
Java,unknown,2,no,True,False,,,Java::unknown::2
Java,unknown,3,"MCR[2],VA[200]",False,True,MCR;VA,,Java::unknown::3
Java,unknown,4,EI[38],False,True,EI,,Java::unknown::4
Java,unknown,5,"MCR[2],CI[36]",False,True,CI;MCR,,Java::unknown::5
Java,unknown,6,no,True,False,,,Java::unknown::6
Java,unknown,7,no,True,False,,,Java::unknown::7
Java,unknown,8,no,True,False,,,Java::unknown::8
Java,unknown,9,"MCR[2],DTR[5],CI[36],EII[?]",False,True,CI;DTR;EII;MCR,,Java::unknown::9
Java,unknown,10,no,True,False,,,Java::unknown::10
Java,unknown,11,MCR[2],False,True,MCR,,Java::unknown::11
Java,unknown,12,"ROR[70],MRV[145]",False,True,MRV;ROR,,Java::unknown::12
Java,unknown,13,CI[36],False,True,CI,,Java::unknown::13
Java,unknown,14,no,True,False,,,Java::unknown::14
Java,unknown,15,no,True,False,,,Java::unknown::15
Java,unknown,16,LOR[58],False,True,LOR,,Java::unknown::16
Java,unknown,17,LOR[58],False,True,LOR,,Java::unknown::17
Java,unknown,18,no,True,False,,,Java::unknown::18
Java,unknown,19,"CI[36],MCR[2]",False,True,CI;MCR,,Java::unknown::19
Java,unknown,20,"AA[214],AIS[218]",False,True,AA;AIS,,Java::unknown::20
Java,unknown,21,no,True,False,,,Java::unknown::21
Java,unknown,22,no,True,False,,,Java::unknown::22
Java,unknown,23,no,True,False,,,Java::unknown::23
Java,unknown,24,"DOC[16],MRV[145]",False,True,DOC;MRV,,Java::unknown::24
Java,unknown,25,"MCR[2],MRV[145]",False,True,MCR;MRV,,Java::unknown::25
Java,unknown,26,"AIS[218],VA[200]",False,True,AIS;VA,,Java::unknown::26
Java,unknown,27,MOCS[20],False,True,MOCS,,Java::unknown::27
Java,unknown,28,"BCO[17],LOR[58],MRV[145]",False,True,BCO;LOR;MRV,,Java::unknown::28
Java,unknown,29,"CI[36],MCR[2],MRV[145]",False,True,CI;MCR;MRV,,Java::unknown::29
Java,unknown,30,no,True,False,,,Java::unknown::30
Java,unknown,31,no,True,False,,,Java::unknown::31
Java,unknown,32,"MRV[145],CI[?]",False,True,CI;MRV,,Java::unknown::32
Java,unknown,33,"LOR[58],MCR[2]",False,True,LOR;MCR,,Java::unknown::33
Java,unknown,34,"MPM[93],DTR[5]",False,True,DTR;MPM,,Java::unknown::34
Java,unknown,35,"CI[36],MCR[2],EII[?]",False,True,CI;EII;MCR,,Java::unknown::35
Java,unknown,36,no,True,False,,,Java::unknown::36
Java,unknown,37,MRV[145],False,True,MRV,,Java::unknown::37
Java,unknown,38,no,True,False,,,Java::unknown::38
Java,unknown,39,no,True,False,,,Java::unknown::39
Java,unknown,40,no,True,False,,,Java::unknown::40
Java,unknown,41,"MCR[2],MRV[145]",False,True,MCR;MRV,,Java::unknown::41
Java,unknown,42,CI[36],False,True,CI,,Java::unknown::42
Java,unknown,43,"AIS[218],SR[183],CI[36]",False,True,AIS;CI;SR,,Java::unknown::43
Java,unknown,44,no,True,False,,,Java::unknown::44
Java,unknown,45,LOR[58],False,True,LOR,,Java::unknown::45
Java,unknown,46,MCR[2],False,True,MCR,,Java::unknown::46
Java,unknown,47,no,True,False,,,Java::unknown::47
Java,unknown,48,CI[36],False,True,CI,,Java::unknown::48
Java,unknown,49,CI[36],False,True,CI,,Java::unknown::49
Java,unknown,50,no,True,False,,,Java::unknown::50
Java,unknown,51,CI[36],False,True,CI,,Java::unknown::51
Java,unknown,52,no,True,False,,,Java::unknown::52
Java,unknown,53,no,True,False,,,Java::unknown::53
Java,unknown,54,MOCS[20,False,True,MOCS,,Java::unknown::54
Java,unknown,55,no,True,False,,,Java::unknown::55
Java,unknown,56,no,True,False,,,Java::unknown::56
Java,unknown,57,MRV[145],False,True,MRV,,Java::unknown::57
Java,unknown,58,CI[36],False,True,CI,,Java::unknown::58
Java,unknown,59,no,True,False,,,Java::unknown::59
Java,unknown,60,no,True,False,,,Java::unknown::60
Java,unknown,61,CI[36],False,True,CI,,Java::unknown::61
Java,unknown,62,no,True,False,,,Java::unknown::62
Java,unknown,63,"DIS[?],SD[28],WLI[205],VA[200]",False,True,DIS;SD;VA;WLI,,Java::unknown::63
Java,unknown,64,"VA[200],LOR[58]",False,True,LOR;VA,,Java::unknown::64
Java,unknown,65,"MRV[145],LOR[58],CI[36]",False,True,CI;LOR;MRV,,Java::unknown::65
Java,unknown,66,"AIS[218],MCR[2],VA[200]",False,True,AIS;MCR;VA,,Java::unknown::66
Java,unknown,67,"MCR[2],SR[183],EI[?]",False,True,EI;MCR;SR,,Java::unknown::67
Java,unknown,68,no,True,False,,,Java::unknown::68
Java,unknown,69,"CI[36],MRV[145],SD[28],MRTC[?]",False,True,CI;MRV;SD,,Java::unknown::69
Java,unknown,70,ROR[70],False,True,ROR,,Java::unknown::70
Java,unknown,71,LOR[58],False,True,LOR,,Java::unknown::71
Java,unknown,72,"MA[39],AA[214],MRV[145]",False,True,AA;MA;MRV,,Java::unknown::72
Java,unknown,73,"CI[36],AIS[218],MCR[2],MRV[145]",False,True,AIS;CI;MCR;MRV,,Java::unknown::73
Java,unknown,74,"EII[?],MCR[2],MRV[145]",False,True,EII;MCR;MRV,,Java::unknown::74
Java,unknown,75,"MPM[93],MRV[145]",False,True,MPM;MRV,,Java::unknown::75
Java,unknown,76,"DOC[16],MCR[2]",False,True,DOC;MCR,,Java::unknown::76
Java,unknown,77,no,True,False,,,Java::unknown::77
Java,unknown,78,no,True,False,,,Java::unknown::78
Java,unknown,79,"CI[36],MCR[2],MRV[145],MA[39],MPM[93]",False,True,CI;MA;MCR;MPM;MRV,,Java::unknown::79
Java,unknown,80,CI[36],False,True,CI,,Java::unknown::80
Java,unknown,81,no,True,False,,,Java::unknown::81
Java,unknown,82,MCR[2],False,True,MCR,,Java::unknown::82
Java,unknown,83,DOC[16],False,True,DOC,,Java::unknown::83
Java,unknown,84,"MA[39],AA[214]",False,True,AA;MA,,Java::unknown::84
Java,unknown,85,no,True,False,,,Java::unknown::85
Java,unknown,87,"VA[200],MCR[2],SR[183],SD[28],MPM[93]",False,True,MCR;MPM;SD;SR;VA,,Java::unknown::87
Java,unknown,88,"EI[38],CI[36]",False,True,CI;EI,,Java::unknown::88
Java,unknown,89,MA[98],False,True,MA,,Java::unknown::89
Java,unknown,90,"ROR[70],MRV[145],AA[214],MA[39]",False,True,AA;MA;MRV;ROR,,Java::unknown::90
Java,unknown,91,"CI[36],MRV[145],MCR[2]",False,True,CI;MCR;MRV,,Java::unknown::91
Java,unknown,92,MA[98],False,True,MA,,Java::unknown::92
Java,unknown,93,ROR[70],False,True,ROR,,Java::unknown::93
Java,unknown,94,"CR[6],EII[?],CI[36]",False,True,CI;CR;EII,,Java::unknown::94
Java,unknown,95,"MCR[2],MRV[145]",False,True,MCR;MRV,,Java::unknown::95
Java,unknown,96,MCR[2],False,True,MCR,,Java::unknown::96
Java,unknown,97,MCR[2],False,True,MCR,,Java::unknown::97
Java,unknown,98,no,True,False,,,Java::unknown::98
Java,unknown,99,MCR[2],False,True,MCR,,Java::unknown::99
Java,unknown,100,"CI[36],MRV[145]",False,True,CI;MRV,,Java::unknown::100
Java,unknown,101,"SD[28],CI[36],MCR[2]",False,True,CI;MCR;SD,,Java::unknown::101
Java,unknown,102,DOC[16],False,True,DOC,,Java::unknown::102
Java,unknown,103,no,True,False,,,Java::unknown::103
Java,unknown,104,no,True,False,,,Java::unknown::104
Java,unknown,105,"CI[36],MA[39]",False,True,CI;MA,,Java::unknown::105
Java,unknown,106,CI[36],False,True,CI,,Java::unknown::106
Java,unknown,107,MRV[145],False,True,MRV,,Java::unknown::107
Java,unknown,108,no,True,False,,,Java::unknown::108
Java,unknown,109,no,True,False,,,Java::unknown::109
Java,unknown,110,"VA[200],ROR[70],MCR[2]",False,True,MCR;ROR;VA,,Java::unknown::110
Java,unknown,111,"CI[36],MRV[145]",False,True,CI;MRV,,Java::unknown::111
Java,unknown,112,"MCR[2],EII[?]",False,True,EII;MCR,,Java::unknown::112
Java,unknown,121,MRV[145],False,True,MRV,,Java::unknown::121
Java,unknown,122,"MA[39],MRV[145]",False,True,MA;MRV,,Java::unknown::122
Java,unknown,123,CI[36],False,True,CI,,Java::unknown::123
Java,unknown,124,"MRV[145],DOM[?]",False,True,MA;MRV,,Java::unknown::124
Java,unknown,125,SM[30],False,True,SM,,Java::unknown::125
Java,unknown,126,"AIS[218],DIS[?],DTR[5],VA[200],MPM[93],MCR[2]",False,True,AIS;DIS;DTR;MCR;MPM;VA,,Java::unknown::126
Java,unknown,128,LOR[58],False,True,LOR,,Java::unknown::128
Java,unknown,129,"MRV[145],DIS[?]",False,True,DIS;MRV,,Java::unknown::129
Java,unknown,131,"AA[214],AIS[218]",False,True,AA;AIS,,Java::unknown::131
Java,unknown,132,CI[36],False,True,CI,,Java::unknown::132
Java,unknown,133,no,True,False,,,Java::unknown::133
Java,unknown,135,"CI[36],MRV[145]",False,True,CI;MRV,,Java::unknown::135
Java,unknown,136,MRV[145],False,True,MRV,,Java::unknown::136
Java,unknown,137,"CI[36],MCR[2],MRV[145]",False,True,CI;MCR;MRV,,Java::unknown::137
Java,unknown,138,"CI[36],MRV[145]",False,True,CI;MRV,,Java::unknown::138
Java,unknown,139,MOCS[20],False,True,MOCS,,Java::unknown::139
Java,unknown,140,CR[6],False,True,CR,,Java::unknown::140
Java,unknown,141,MCR[2],False,True,MCR,,Java::unknown::141
Java,unknown,142,"MCR[2],MRV[145],AA[214]",False,True,AA;MCR;MRV,,Java::unknown::142
Java,unknown,143,"MCR[2],LOR[58]",False,True,LOR;MCR,,Java::unknown::143
Java,unknown,144,LOR[58],False,True,LOR,,Java::unknown::144
Java,unknown,145,ROR[70],False,True,ROR,,Java::unknown::145
Java,unknown,146,DTR[5],False,True,DTR,,Java::unknown::146
Java,unknown,147,ROR[70],False,True,ROR,,Java::unknown::147
Java,unknown,148,"MCR[2],SD[28]",False,True,MCR;SD,,Java::unknown::148
Java,unknown,149,SM[30],False,True,SM,,Java::unknown::149
Java,unknown,150,LOR[58],False,True,LOR,,Java::unknown::150
Java,unknown,151,CI[36],False,True,CI,,Java::unknown::151
Java,jacksonxml,JacksonXml1,"CI[36],MCR[2],VA[200],MRV[145]",False,True,CI;MCR;MRV;VA,,Java::jacksonxml::JacksonXml1
Java,unknown,2,no,True,False,,,Java::unknown::2
Java,unknown,3,"SD[28],MCR[2]",False,True,MCR;SD,,Java::unknown::3
Java,unknown,4,"VA[200],CI[36],MCR[2]",False,True,CI;MCR;VA,,Java::unknown::4
Java,unknown,5,MCR[2],False,True,MCR,,Java::unknown::5
Java,unknown,6,no,True,False,,,Java::unknown::6
Java,jxpath,JxPath1,"MRV[145],LOR[58]",False,True,LOR;MRV,,Java::jxpath::JxPath1
Java,unknown,2,"AIS[218],CI[36],MRV[145]",False,True,AIS;CI;MRV,,Java::unknown::2
Java,unknown,3,no,True,False,,,Java::unknown::3
Java,unknown,4,no,True,False,,,Java::unknown::4
Java,unknown,5,MRV[145],False,True,MRV,,Java::unknown::5
Java,unknown,6,"CI[36],MCR[2]",False,True,CI;MCR,,Java::unknown::6
Java,unknown,7,no,True,False,,,Java::unknown::7
Java,unknown,8,CI[36],False,True,CI,,Java::unknown::8
Java,unknown,9,no,True,False,,,Java::unknown::9
Java,unknown,10,MRV[145],False,True,MRV,,Java::unknown::10
Java,unknown,11,no,True,False,,,Java::unknown::11
Java,unknown,12,"MRV[145],ROR[70]",False,True,MRV;ROR,,Java::unknown::12
Java,unknown,13,no,True,False,,,Java::unknown::13
Java,unknown,14,"CI[36],LOR[58]",False,True,CI;LOR,,Java::unknown::14
Java,unknown,15,"AIS[218],SD[28],MCR[2],FLI[205]",False,True,AIS;FLI;MCR;SD,,Java::unknown::15
Java,unknown,16,MRV[145],False,True,MRV,,Java::unknown::16
Java,unknown,17,"BCO[17],LOR[58],MRV[145],DOC[16]",False,True,BCO;DOC;LOR;MRV,,Java::unknown::17
Java,unknown,18,no,True,False,,,Java::unknown::18
Java,unknown,19,no,True,False,,,Java::unknown::19
Java,unknown,20,no,True,False,,,Java::unknown::20
Java,unknown,21,"MRV[145],MCR[2]",False,True,MCR;MRV,,Java::unknown::21
Java,unknown,22,"MCR[2],MRV[145],CFSM[27]",False,True,CFSM;MCR;MRV,,Java::unknown::22
Java,lang,lang1,no,True,False,,,Java::lang::lang1
Java,unknown,3,"CI[36],VA[200],VR[26]",False,True,CI;VA;VR,,Java::unknown::3
Java,unknown,4,"DTR[5],MCR[2]",False,True,DTR;MCR,,Java::unknown::4
Java,unknown,5,no,True,False,,,Java::unknown::5
Java,unknown,6,MPM[93],False,True,MPM,,Java::unknown::6
Java,unknown,7,"CI[36],DOC[16]",False,True,CI;DOC,,Java::unknown::7
Java,unknown,8,"SD[28],MCR[2]",False,True,MCR;SD,,Java::unknown::8
Java,unknown,9,CI[36],False,True,CI,,Java::unknown::9
Java,unknown,10,"SD[28],DOC[16]",False,True,DOC;SD,,Java::unknown::10
Java,unknown,11,EII[?],False,True,EII,,Java::unknown::11
Java,unknown,12,CI[36],False,True,CI,,Java::unknown::12
Java,unknown,13,no,True,False,,,Java::unknown::13
Java,unknown,14,"CI[36],MRV[145]",False,True,CI;MRV,,Java::unknown::14
Java,unknown,15,"MCR[2],LOR[58]",False,True,LOR;MCR,,Java::unknown::15
Java,unknown,16,LOR[58],False,True,LOR,,Java::unknown::16
Java,unknown,17,"VA[200],COR[10]CFSM[27],DOC[16]",False,True,CFSM;DOC;ROR;VA,,Java::unknown::17
Java,unknown,18,"ROR[70],MCR[2]",False,True,MCR;ROR,,Java::unknown::18
Java,unknown,19,"CR[6],CI[36],MCR[2],ROR[70]",False,True,CI;CR;MCR;ROR,,Java::unknown::19
Java,unknown,20,MCR[2],False,True,MCR,,Java::unknown::20
Java,unknown,21,MCR[2],False,True,MCR,,Java::unknown::21
Java,unknown,22,"CI[36],ROR[70]",False,True,CI;ROR,,Java::unknown::22
Java,unknown,23,no,True,False,,,Java::unknown::23
Java,unknown,24,"MRV[145],ROR[70]",False,True,MRV;ROR,,Java::unknown::24
Java,unknown,25,DTR[5],False,True,DTR,,Java::unknown::25
Java,unknown,26,MCR[2],False,True,MCR,,Java::unknown::26
Java,unknown,27,"LOR[58],CI[36]",False,True,CI;LOR,,Java::unknown::27
Java,unknown,28,CI[36],False,True,CI,,Java::unknown::28
Java,unknown,29,DTR[5],False,True,DTR,,Java::unknown::29
Java,unknown,30,no,True,False,,,Java::unknown::30
Java,unknown,31,"VA[200],BCO[17]",False,True,BCO;VA,,Java::unknown::31
Java,unknown,32,"MCR[2],MRV[145],MA[39],CI[36]",False,True,CI;MA;MCR;MRV,,Java::unknown::32
Java,unknown,33,LOR[58],False,True,LOR,,Java::unknown::33
Java,unknown,35,SI[77],False,True,SI,,Java::unknown::35
Java,unknown,36,"LOR[58],CI[36]",False,True,CI;LOR,,Java::unknown::36
Java,unknown,37,EI[38],False,True,EI,,Java::unknown::37
Java,unknown,38,MCR[2],False,True,MCR,,Java::unknown::38
Java,unknown,39,CI[36],False,True,CI,,Java::unknown::39
Java,unknown,40,"VA[200],MCR[2],BCO[17],CI[36]",False,True,BCO;CI;MCR;VA,,Java::unknown::40
Java,unknown,41,no,True,False,,,Java::unknown::41
Java,unknown,42,"DTR[5],CI[36],MCR[2]",False,True,CI;DTR;MCR,,Java::unknown::42
Java,unknown,43,MA[39],False,True,MA,,Java::unknown::43
Java,unknown,44,CI[36],False,True,CI,,Java::unknown::44
Java,unknown,45,CI[36],False,True,CI,,Java::unknown::45
Java,unknown,46,"MCR[2],MRV[145],MPM[93],CI[36]",False,True,CI;MCR;MPM;MRV,,Java::unknown::46
Java,unknown,47,CI[36],False,True,CI,,Java::unknown::47
Java,unknown,48,CI[36],False,True,CI,,Java::unknown::48
Java,unknown,49,CI[36],False,True,CI,,Java::unknown::49
Java,unknown,50,"LOR[58],MCR[2],DOC[16],SR[183]",False,True,DOC;LOR;MCR;SR,,Java::unknown::50
Java,unknown,51,MRV[145],False,True,MRV,,Java::unknown::51
Java,unknown,52,"CI[?],CFSM[?]",False,True,CFSM;CI,,Java::unknown::52
Java,unknown,53,BR[140,False,True,BR,,Java::unknown::53
Java,unknown,54,CI[36],False,True,CI,,Java::unknown::54
Java,unknown,55,CI[36],False,True,CI,,Java::unknown::55
Java,unknown,56,"VR[26],MA[39]",False,True,MA;VR,,Java::unknown::56
Java,unknown,57,MRV[145],False,True,MRV,,Java::unknown::57
Java,unknown,58,LOR[58],False,True,LOR,,Java::unknown::58
Java,unknown,59,MPM[93],False,True,MPM,,Java::unknown::59
Java,unknown,60,BCO[17],False,True,BCO,,Java::unknown::60
Java,unknown,61,"VA[200],CR[6]",False,True,CR;VA,,Java::unknown::61
Java,unknown,62,"CI[36],CFSM[27]",False,True,CFSM;CI,,Java::unknown::62
Java,unknown,63,no,True,False,,,Java::unknown::63
Java,unknown,64,no,True,False,,,Java::unknown::64
Java,unknown,65,no,True,False,,,Java::unknown::65
Java,unknown,69,SI[77],False,True,SI,,Java::unknown::69
Java,unknown,71,SR[183],False,True,SR,,Java::unknown::71
Java,unknown,73,"CI[36],CFSM[27]",False,True,CFSM;CI,,Java::unknown::73
Java,unknown,76,"MCR[2],BCO[17]",False,True,BCO;MCR,,Java::unknown::76
Java,unknown,80,CI[36],False,True,CI,,Java::unknown::80
Java,unknown,81,"MCR[2],VA[200],MPM[93]",False,True,MCR;MPM;VA,,Java::unknown::81
Java,unknown,82,"ROR[70],CI[36]",False,True,CI;ROR,,Java::unknown::82
Java,unknown,83,CI[36],False,True,CI,,Java::unknown::83
Java,unknown,84,MRV[145],False,True,MRV,,Java::unknown::84
Java,math_,Math_4j1,CI[36],False,True,CI,,Java::math_::Math_4j1
Java,unknown,2,MRV[145],False,True,MRV,,Java::unknown::2
Java,unknown,3,CI[36],False,True,CI,,Java::unknown::3
Java,unknown,4,CI[36],False,True,CI,,Java::unknown::4
Java,unknown,5,MRV[145],False,True,MRV,,Java::unknown::5
Java,unknown,6,"MCR[2],SD[28],CI[36],",False,True,CI;MCR;SD,,Java::unknown::6
Java,unknown,7,"FLI[205],VA[200],DOC[16]",False,True,DOC;FLI;VA,,Java::unknown::7
Java,unknown,8,"MCR[2],MPM[93]",False,True,MCR;MPM,,Java::unknown::8
Java,unknown,9,MCR[2],False,True,MCR,,Java::unknown::9
Java,unknown,10,MCR[2],False,True,MCR,,Java::unknown::10
Java,unknown,11,MRV[145],False,True,MRV,,Java::unknown::11
Java,unknown,12,"AIS[218],MA[39],VA[200]",False,True,AIS;MA;VA,,Java::unknown::12
Java,unknown,13,no,True,False,,,Java::unknown::13
Java,unknown,14,no,True,False,,,Java::unknown::14
Java,unknown,15,"MOCS[20],VA[200]",False,True,MOCS;VA,,Java::unknown::15
Java,unknown,16,no,True,False,,,Java::unknown::16
Java,unknown,17,CI[36],False,True,CI,,Java::unknown::17
Java,unknown,18,"MCR[2],MOCS[20],VA[200]",False,True,MCR;MOCS;VA,,Java::unknown::18
Java,unknown,19,no,True,False,,,Java::unknown::19
Java,unknown,20,"MRV[145],ROR[70]",False,True,MRV;ROR,,Java::unknown::20
Java,unknown,21,"SD[28],VA[200],CI[36],MCR[2]",False,True,CI;MCR;SD;VA,,Java::unknown::21
Java,unknown,22,MRV[145],False,True,MRV,,Java::unknown::22
Java,unknown,23,"VA[200],MCR[2],MRV[145]",False,True,MCR;MRV;VA,,Java::unknown::23
Java,unknown,24,MRV[145],False,True,MRV,,Java::unknown::24
Java,unknown,25,"MCR[2],CI[36]",False,True,CI;MCR,,Java::unknown::25
Java,unknown,26,"MOCS[20],ROR[70]",False,True,MOCS;ROR,,Java::unknown::26
Java,unknown,27,MRV[145],False,True,MRV,,Java::unknown::27
Java,unknown,28,CI[36],False,True,CI,,Java::unknown::28
Java,unknown,29,no,True,False,,,Java::unknown::29
Java,unknown,30,DTR[5],False,True,DTR,,Java::unknown::30
Java,unknown,31,"SD[28],VA[200],CI[36]",False,True,CI;SD;VA,,Java::unknown::31
Java,unknown,32,"MOCS[20],ROR[70]",False,True,MOCS;ROR,,Java::unknown::32
Java,unknown,33,MOCS[20],False,True,MOCS,,Java::unknown::33
Java,unknown,34,MRV[145],False,True,MRV,,Java::unknown::34
Java,unknown,35,MCR[2],False,True,MCR,,Java::unknown::35
Java,unknown,36,no,True,False,,,Java::unknown::36
Java,unknown,37,no,True,False,,,Java::unknown::37
Java,unknown,38,"MCR[2],VA[200],CR[6]",False,True,CR;MCR;VA,,Java::unknown::38
Java,unknown,39,CI[36],False,True,CI,,Java::unknown::39
Java,unknown,40,"VA[200],MCR[2]",False,True,MCR;VA,,Java::unknown::40
Java,unknown,41,MOCS[20,False,True,MOCS,,Java::unknown::41
Java,unknown,42,CI[36],False,True,CI,,Java::unknown::42
Java,unknown,43,ROR[70],False,True,ROR,,Java::unknown::43
Java,unknown,44,"SD[28],FLI205]",False,True,SD,,Java::unknown::44
Java,unknown,45,"VA[200],CI[36]",False,True,CI;VA,,Java::unknown::45
Java,unknown,46,MRV[145],False,True,MRV,,Java::unknown::46
Java,unknown,47,"VA[200],LOR[58],MRV[145],",False,True,LOR;MRV;VA,,Java::unknown::47
Java,unknown,48,CI[36],False,True,CI,,Java::unknown::48
Java,unknown,49,MCR[2],False,True,MCR,,Java::unknown::49
Java,unknown,50,DOC[16],False,True,DOC,,Java::unknown::50
Java,unknown,51,"CI[?],MCR[2],CFSM[27]",False,True,CFSM;CI;MCR,,Java::unknown::51
Java,unknown,52,"VA[200],MOCS[20],ROR[70]",False,True,MOCS;ROR;VA,,Java::unknown::52
Java,unknown,53,CI[36],False,True,CI,,Java::unknown::53
Java,unknown,54,"CI[36],VA[200]",False,True,CI;VA,,Java::unknown::54
Java,unknown,55,"VA[200],MCR[2],CI[36],MRV[145]",False,True,CI;MCR;MRV;VA,,Java::unknown::55
Java,unknown,56,MCR[2],False,True,MCR,,Java::unknown::56
Java,unknown,57,DTR[5],False,True,DTR,,Java::unknown::57
Java,unknown,58,MRV[145],False,True,MRV,,Java::unknown::58
Java,unknown,59,MRV[145],False,True,MRV,,Java::unknown::59
Java,unknown,60,CI[36],False,True,CI,,Java::unknown::60
Java,unknown,61,"AIS[218]],MCR[2]",False,True,AIS;MCR,,Java::unknown::61
Java,unknown,62,"MCR[2],MRV[145]",False,True,MCR;MRV,,Java::unknown::62
Java,unknown,63,MRV[145],False,True,MRV,,Java::unknown::63
Java,unknown,64,"VA[200],FLI[205],MCR[2],CI[36],MPM[93]",False,True,CI;FLI;MCR;MPM;VA,,Java::unknown::64
Java,unknown,65,"MCR[2],MRV[145]",False,True,MCR;MRV,,Java::unknown::65
Java,unknown,66,"MCR[2],MRV[145],SD[28],MOCS[20],CI[36],WLI[205],MPM[93]",False,True,CI;MCR;MOCS;MPM;MRV;SD;WLI,,Java::unknown::66
Java,unknown,67,MRV[145],False,True,MRV,,Java::unknown::67
Java,unknown,68,"MCR[2],VA[200],MRV[145],CI[36]",False,True,CI;MCR;MRV;VA,,Java::unknown::68
Java,unknown,69,MCR[2],False,True,MCR,,Java::unknown::69
Java,unknown,70,MRV[145],False,True,MRV,,Java::unknown::70
Java,unknown,71,"MCR[2],VR[26]",False,True,MCR;VR,,Java::unknown::71
Java,unknown,72,MCR[2],False,True,MCR,,Java::unknown::72
Java,unknown,73,"CI[36],MCR[2]",False,True,CI;MCR,,Java::unknown::73
Java,unknown,74,"VA[200],FLI[205],MCR[2]",False,True,FLI;MCR;VA,,Java::unknown::74
Java,unknown,75,MRV[145],False,True,MRV,,Java::unknown::75
Java,unknown,76,"MCR[2],MOCS[20],CI[36]",False,True,CI;MCR;MOCS,,Java::unknown::76
Java,unknown,77,"MCR[2],MD[?]",False,True,MCR,,Java::unknown::77
Java,unknown,78,no,True,False,,,Java::unknown::78
Java,unknown,79,DTR[5],False,True,DTR,,Java::unknown::79
Java,unknown,80,MCR[2],False,True,MCR,,Java::unknown::80
Java,unknown,81,"MCR[2],MOCS[20],LOR[58],CI[36],CR[6]",False,True,CI;CR;LOR;MCR;MOCS,,Java::unknown::81
Java,unknown,82,ROR[70],False,True,ROR,,Java::unknown::82
Java,unknown,83,"MCR[2],CI[36]",False,True,CI;MCR,,Java::unknown::83
Java,unknown,84,"MCR[2],MRV[145],VA[200],CI[36],FLI[205]",False,True,CI;FLI;MCR;MRV;VA,,Java::unknown::84
Java,unknown,85,ROR[70],False,True,ROR,,Java::unknown::85
Java,unknown,86,"DOC[16],SD[28],CI[36]",False,True,CI;DOC;SD,,Java::unknown::86
Java,unknown,87,"LOR[58],CI[36]",False,True,CI;LOR,,Java::unknown::87
Java,unknown,88,"VA[200],CI[36],MCR[2],DOC[16]",False,True,CI;DOC;MCR;VA,,Java::unknown::88
Java,unknown,89,CI[36],False,True,CI,,Java::unknown::89
Java,unknown,90,"MCR[2],MA[39]",False,True,MA;MCR,,Java::unknown::90
Java,unknown,91,"DTR[5],MCR[2]",False,True,DTR;MCR,,Java::unknown::91
Java,unknown,92,no,True,False,,,Java::unknown::92
Java,unknown,93,"CI[36],MRV[145],MCR[2]",False,True,CI;MCR;MRV,,Java::unknown::93
Java,unknown,94,LOR[58],False,True,LOR,,Java::unknown::94
Java,unknown,95,"VR[26],CI[36]",False,True,CI;VR,,Java::unknown::95
Java,unknown,96,MCR[2],False,True,MCR,,Java::unknown::96
Java,unknown,97,"ROR[70],CI[36]",False,True,CI;ROR,,Java::unknown::97
Java,unknown,98,MCR[2],False,True,MCR,,Java::unknown::98
Java,unknown,99,CI[36],False,True,CI,,Java::unknown::99
Java,unknown,100,MCR[2],False,True,MCR,,Java::unknown::100
Java,unknown,101,"LOR[58],CI[36]",False,True,CI;LOR,,Java::unknown::101
Java,unknown,102,no,True,False,,,Java::unknown::102
Java,unknown,103,EI[38],False,True,EI,,Java::unknown::103
Java,unknown,104,VA[200],False,True,VA,,Java::unknown::104
Java,unknown,105,MRV[145],False,True,MRV,,Java::unknown::105
Java,unknown,106,CI[36],False,True,CI,,Java::unknown::106
Java,mokito,mokito1,no,True,False,,,Java::mokito::mokito1
Java,unknown,2,no,True,False,,,Java::unknown::2
Java,unknown,3,no,True,False,,,Java::unknown::3
Java,unknown,4,"MCR[2],CI[36]",False,True,CI;MCR,,Java::unknown::4
Java,unknown,5,EI[38],False,True,EI,,Java::unknown::5
Java,unknown,6,MRV[145],False,True,MRV,,Java::unknown::6
Java,unknown,7,MCR[2],False,True,MCR,,Java::unknown::7
Java,unknown,8,EII[?],False,True,EII,,Java::unknown::8
Java,unknown,9,"AIS[218],CI[36]",False,True,AIS;CI,,Java::unknown::9
Java,unknown,10,"AIS[218],MCR[2],MA[39],MRV[145]",False,True,AIS;MA;MCR;MRV,,Java::unknown::10
Java,unknown,11,"CI[36],MRV[145]",False,True,CI;MRV,,Java::unknown::11
Java,unknown,12,"CI[36],MRV[145]",False,True,CI;MRV,,Java::unknown::12
Java,unknown,13,"LOR[58],MCR[2]",False,True,LOR;MCR,,Java::unknown::13
Java,unknown,14,"AIS[218],CI[36],MCR[2]",False,True,AIS;CI;MCR,,Java::unknown::14
Java,unknown,15,"AIS[218],CI[36]",False,True,AIS;CI,,Java::unknown::15
Java,unknown,16,"MRV[145],MPM[93],CI[36]",False,True,CI;MPM;MRV,,Java::unknown::16
Java,unknown,17,"VA[200],MCR[2],MRV[145],CI[36]",False,True,CI;MCR;MRV;VA,,Java::unknown::17
Java,unknown,18,"EII[?],MRV[145]",False,True,EII;MRV,,Java::unknown::18
Java,unknown,19,no,True,False,,,Java::unknown::19
Java,unknown,20,"MCR[2],MPM[93]",False,True,MCR;MPM,,Java::unknown::20
Java,unknown,21,no,True,False,,,Java::unknown::21
Java,unknown,22,"CI[36],MRV[145],LOR[58]",False,True,CI;LOR;MRV,,Java::unknown::22
Java,unknown,23,"VR[26],MCR[2],MA[39],MRV[145]",False,True,MA;MCR;MRV;VR,,Java::unknown::23
Java,unknown,24,"MRV[145],ROR[70]",False,True,MRV;ROR,,Java::unknown::24
Java,unknown,25,no,True,False,,,Java::unknown::25
Java,unknown,26,CR[6],False,True,CR,,Java::unknown::26
Java,unknown,27,MCR[2],False,True,MCR,,Java::unknown::27
Java,unknown,28,MCR[2],False,True,MCR,,Java::unknown::28
Java,unknown,29,"CI[36],ROR[70]",False,True,CI;ROR,,Java::unknown::29
Java,unknown,30,"MPM[93],MCR[2]",False,True,MCR;MPM,,Java::unknown::30
Java,unknown,31,"AIS[218],MCR[2],MRV[145]",False,True,AIS;MCR;MRV,,Java::unknown::31
Java,unknown,32,"AIS[218],MCR[2]",False,True,AIS;MCR,,Java::unknown::32
Java,unknown,33,no,True,False,,,Java::unknown::33
Java,unknown,34,LOR[58],False,True,LOR,,Java::unknown::34
Java,unknown,35,MRV[145],False,True,MRV,,Java::unknown::35
Java,unknown,36,"AIS[218],CI[36],MCR[2]",False,True,AIS;CI;MCR,,Java::unknown::36
Java,time,time1,no,True,False,,,Java::time::time1
Java,unknown,2,"MOCS[20],CI[36]",False,True,CI;MOCS,,Java::unknown::2
Java,unknown,3,CI[36],False,True,CI,,Java::unknown::3
Java,unknown,4,MPM[93],False,True,MPM,,Java::unknown::4
Java,unknown,5,no,True,False,,,Java::unknown::5
Java,unknown,6,no,True,False,,,Java::unknown::6
Java,unknown,7,"MCR[2],SR[183]",False,True,MCR;SR,,Java::unknown::7
Java,unknown,8,"MCR[2],CI[36],MOCS[20],CR[6]",False,True,CI;CR;MCR;MOCS,,Java::unknown::8
Java,unknown,9,"VA[200],VR[26],CI[36],MCR[2]",False,True,CI;MCR;VA;VR,,Java::unknown::9
Java,unknown,10,"VA[200],MPM[93]",False,True,MPM;VA,,Java::unknown::10
Java,unknown,11,"MA[39],MRV[145],MCR[2]",False,True,MA;MCR;MRV,,Java::unknown::11
Java,unknown,12,"MCR[2],MRV[145],MPM[93],CI[36]",False,True,CI;MCR;MPM;MRV,,Java::unknown::12
Java,unknown,13,"MCR[2],CI[36],VR[26]",False,True,CI;MCR;VR,,Java::unknown::13
Java,unknown,14,"CI[36],MCR[2],MRV[145],VR[26]",False,True,CI;MCR;MRV;VR,,Java::unknown::14
Java,unknown,15,"CI[36],MCR[2]",False,True,CI;MCR,,Java::unknown::15
Java,unknown,16,MPM[93],False,True,MPM,,Java::unknown::16
Java,unknown,17,"MCR[2],CI[36],MRV[145],LOR[58],ROR[70]",False,True,CI;LOR;MCR;MRV;ROR,,Java::unknown::17
Java,unknown,18,EI[38],False,True,EI,,Java::unknown::18
Java,unknown,19,ROR[70],False,True,ROR,,Java::unknown::19
Java,unknown,20,"VR[26],CI[36]",False,True,CI;VR,,Java::unknown::20
Java,unknown,22,MCR[2],False,True,MCR,,Java::unknown::22
Java,unknown,23,"MCR[2],MPM[93]",False,True,MCR;MPM,,Java::unknown::23
Java,unknown,24,CI[36],False,True,CI,,Java::unknown::24
Java,unknown,25,EII[?],False,True,EII,,Java::unknown::25
Java,unknown,26,"MA[38],MRV[145]",False,True,MA;MRV,,Java::unknown::26
Java,unknown,27,CI[36],False,True,CI,,Java::unknown::27
Java,cli,Cli1,no,True,False,,,Java::cli::Cli1
Java,jacksondatabind,JacksonDatabind152,MRV[145],False,True,MRV,,Java::jacksondatabind::JacksonDatabind152
Java,unknown,153,CI[36],False,True,CI,,Java::unknown::153
Java,unknown,154,"MCR[2],CI[36]",False,True,CI;MCR,,Java::unknown::154
Java,unknown,155,"MCR[2],MPM[93]",False,True,MCR;MPM,,Java::unknown::155
Java,unknown,156,MOCS[20],False,True,MOCS,,Java::unknown::156
Java,collection,collection35,SR[183],False,True,SR,,Java::collection::collection35
Java,ch,ch1,MOCS[],False,True,MOCS,,Java::ch::ch1
Java,ch,ch2,no,True,False,,,Java::ch::ch2
Java,ch,ch3,SD[],False,True,SD,,Java::ch::ch3
Java,ch,ch4,"CI[],BR[]",False,True,BR;CI,,Java::ch::ch4
Java,ch,ch5,"DOC[], CI[], ROR[]",False,True,CI;DOC;ROR,,Java::ch::ch5
Java,ch,ch6,no,True,False,,,Java::ch::ch6
Java,ch,ch7,MCR[],False,True,MCR,,Java::ch::ch7
Java,ch,ch8,MCR[],False,True,MCR,,Java::ch::ch8
Java,ch,ch9,MOCS[],False,True,MOCS,,Java::ch::ch9
Java,ch,ch10,MRV[],False,True,MRV,,Java::ch::ch10
Java,ch,ch11,MCR[],False,True,MCR,,Java::ch::ch11
Java,ch,ch12,MCR[],False,True,MCR,,Java::ch::ch12
Java,ch,ch13,MCR[],False,True,MCR,,Java::ch::ch13
Java,ch,ch14,no,True,False,,,Java::ch::ch14
Java,ch,ch15,DOC[],False,True,DOC,,Java::ch::ch15
Java,ch,ch16,"MCR[],MOCS[]",False,True,MCR;MOCS,,Java::ch::ch16
Java,ch,ch17,MCR[],False,True,MCR,,Java::ch::ch17
Java,ch,ch18,no,True,False,,,Java::ch::ch18
Java,ch,ch19,DOC[],False,True,DOC,,Java::ch::ch19
Java,ch,ch20,MPM[],False,True,MPM,,Java::ch::ch20
Java,ch,ch21,no,True,False,,,Java::ch::ch21
Java,ch,ch22,no,True,False,,,Java::ch::ch22
Java,ch,ch23,no,True,False,,,Java::ch::ch23
Java,ch,ch24,"VA[], MPM[]",False,True,MPM;VA,,Java::ch::ch24
Java,ch,ch25,no,True,False,,,Java::ch::ch25
Java,ch,ch26,CI[],False,True,CI,,Java::ch::ch26
Python,pysnooper,bid1,no,True,False,,,Python::pysnooper::bid1
Python,pysnooper,bid2,no,True,False,,,Python::pysnooper::bid2
Python,pysnooper,bid3,Variable Replacement (VR),False,True,VR,,Python::pysnooper::bid3
Python,anisible,bid1,no,True,False,,,Python::anisible::bid1
Python,anisible,bid2,"Method call replacement, logical oeprator replacement",False,True,LOR;MCR,,Python::anisible::bid2
Python,anisible,bid3,Condition inserion,False,True,CI,,Python::anisible::bid3
Python,anisible,bid4,no,True,False,,,Python::anisible::bid4
Python,anisible,bid5,Method parameters modification,False,True,MPM,,Python::anisible::bid5
Python,anisible,bid6,no,True,False,,,Python::anisible::bid6
Python,anisible,bid7,"Condition insertion, Control flow statement",False,True,CFSM;CI,,Python::anisible::bid7
Python,anisible,bid8,no,True,False,,,Python::anisible::bid8
Python,anisible,bid9,no,True,False,,,Python::anisible::bid9
Python,anisible,bid10,no,True,False,,,Python::anisible::bid10
Python,anisible,bid11,no,True,False,,,Python::anisible::bid11
Python,anisible,bid12,"Method call replacement, Add import statement",False,True,AIS;MCR,,Python::anisible::bid12
Python,anisible,bid13,no,True,False,,,Python::anisible::bid13
Python,anisible,bid14,no,True,False,,,Python::anisible::bid14
Python,anisible,bid15,Modification of condition statement,False,True,MOCS,,Python::anisible::bid15
Python,anisible,bid16,"Condition insertion, Constant assertion",False,False,CI,constant assertion,Python::anisible::bid16
Python,anisible,bid17,no,True,False,,,Python::anisible::bid17
Python,anisible,bid18,Method call replacement,False,True,MCR,,Python::anisible::bid18
Python,black,bid1,no,True,False,,,Python::black::bid1
Python,black,bid2,no,True,False,,,Python::black::bid2
Python,black,bid3,Method call replacement,False,True,MCR,,Python::black::bid3
Python,black,bid4,no,True,False,,,Python::black::bid4
Python,black,bid5,no,True,False,,,Python::black::bid5
Python,black,bid6,no,True,False,,,Python::black::bid6
Python,black,bid7,no,True,False,,,Python::black::bid7
Python,black,bid8,no,True,False,,,Python::black::bid8
Python,black,bid9,Modification of Return Value,False,True,MRV,,Python::black::bid9
Python,black,bid10,"Else Inserion, Constant replacement",False,True,CR;ElseI,,Python::black::bid10
Python,black,bid11,no,True,False,,,Python::black::bid11
Python,black,bid12,no,True,False,,,Python::black::bid12
Python,black,bid13,"Modification of condition statement, Method call recplacement",False,True,MCR;MOCS,,Python::black::bid13
Python,black,bid14,no,True,False,,,Python::black::bid14
Python,black,bid15,no,True,False,,,Python::black::bid15
Python,black,bid16,no,True,False,,,Python::black::bid16
Python,black,bid17,"Modification of concition statement, Modifcation of return value, Condition insertion",False,True,CI;MOCS;MRV,,Python::black::bid17
Python,black,bid18,no,True,False,,,Python::black::bid18
Python,black,bid19,"Condition insertion, Modification of return value",False,True,CI;MRV,,Python::black::bid19
Python,black,bid20,Data type Replacement,False,True,DTR,,Python::black::bid20
Python,black,bid21,Statement insertion,False,True,SI,,Python::black::bid21
Python,black,bid22,no,True,False,,,Python::black::bid22
Python,black,bid23,no,True,False,,,Python::black::bid23
Python,cookiecutter,bid1,Statement insertion,False,True,SI,,Python::cookiecutter::bid1
Python,cookiecutter,bid2,no,True,False,,,Python::cookiecutter::bid2
Python,cookiecutter,bid3,Statement insertion,False,True,SI,,Python::cookiecutter::bid3
Python,cookiecutter,bid4,no,True,False,,,Python::cookiecutter::bid4
Python,fastapi,bid1,no,True,False,,,Python::fastapi::bid1
Python,fastapi,bid2,Statement insertion,False,True,SI,,Python::fastapi::bid2
Python,fastapi,bid3,no,True,False,,,Python::fastapi::bid3
Python,fastapi,bid4,collection-construction,False,False,,collection-construction,Python::fastapi::bid4
Python,fastapi,bid5,Method call insertion,False,True,MCR,,Python::fastapi::bid5
Python,fastapi,bid6,Condition insertion,False,True,CI,,Python::fastapi::bid6
Python,fastapi,bid7,"Method call insertion, Add import statement",False,True,AIS;MCR,,Python::fastapi::bid7
Python,fastapi,bid8,no,True,False,,,Python::fastapi::bid8
Python,fastapi,bid9,no,True,False,,,Python::fastapi::bid9
Python,fastapi,bid10,"Condition insertion,Methodcall replacement",False,True,CI;MCR,,Python::fastapi::bid10
Python,fastapi,bid11,no,True,False,,,Python::fastapi::bid11
Python,fastapi,bid12,no,True,False,,,Python::fastapi::bid12
Python,fastapi,bid13,"Variable Replacement,Variable insertion, Statement Replacement",False,False,VA;VR,statement replacement,Python::fastapi::bid13
Python,fastapi,bid14,Type Annottation replacement,False,True,DTR,,Python::fastapi::bid14
Python,fastapi,bid15,no,True,False,,,Python::fastapi::bid15
Python,fastapi,bid16,"Variable initialzation, Method call insertion, Expression replacement",False,False,MCR;VA,expression replacement,Python::fastapi::bid16
Python,httpie,bid1,no,True,False,,,Python::httpie::bid1
Python,httpie,bid2,no,True,False,,,Python::httpie::bid2
Python,httpie,bid3,no,True,False,,,Python::httpie::bid3
Python,httpie,bid4,Variable Replacement,False,True,VR,,Python::httpie::bid4
Python,httpie,bid5,"Condition insertion, Statement insertion",False,True,CI;SI,,Python::httpie::bid5
Python,httpie,bid6,"Arthematic operator replacement, Expression replacement",False,False,AOR,expression replacement,Python::httpie::bid6
Python,httpie,bid7,Statement insertion,False,True,SI,,Python::httpie::bid7
Python,httpie,bid8,no,True,False,,,Python::httpie::bid8
Python,httpie,bid9,Modification of condition statement,False,True,MOCS,,Python::httpie::bid9
Python,httpie,bid10,no,True,False,,,Python::httpie::bid10
Python,httpie,bid11,no,True,False,,,Python::httpie::bid11
Python,httpie,bid13,"Variable replacement , Variable assignement",False,True,VA;VR,,Python::httpie::bid13
Python,httpie,bid14,Modifcation of return value,False,True,MRV,,Python::httpie::bid14
Python,httpie,bid15,no,True,False,,,Python::httpie::bid15
Python,httpie,bid16,no,True,False,,,Python::httpie::bid16
Python,httpie,bid17,Modification of Return Value,False,True,MRV,,Python::httpie::bid17
Python,httpie,bid18,no,True,False,,,Python::httpie::bid18
Python,httpie,bid19,no,True,False,,,Python::httpie::bid19
Python,httpie,bid20,no,True,False,,,Python::httpie::bid20
Python,httpie,bid21,no,True,False,,,Python::httpie::bid21
Python,httpie,bid22,Statement insertion,False,True,SI,,Python::httpie::bid22
Python,httpie,bid23,Statement Deletion,False,True,SD,,Python::httpie::bid23
Python,httpie,bid24,no,True,False,,,Python::httpie::bid24
Python,httpie,bid25,Method call insertion,False,True,MCR,,Python::httpie::bid25
Python,httpie,bid26,Method call replacenemt,False,True,MCR,,Python::httpie::bid26
Python,httpie,bid27,no,True,False,,,Python::httpie::bid27
Python,httpie,bid28,no,True,False,,,Python::httpie::bid28
Python,httpie,bid29,no,True,False,,,Python::httpie::bid29
Python,httpie,bid30,no,True,False,,,Python::httpie::bid30
Python,httpie,bid31,Method parameter modification,False,True,MPM,,Python::httpie::bid31
Python,httpie,bid32,no,True,False,,,Python::httpie::bid32
Python,httpie,bid33,no,True,False,,,Python::httpie::bid33
Python,httpie,bid34,no,True,False,,,Python::httpie::bid34
Python,httpie,bid35,no,True,False,,,Python::httpie::bid35
Python,httpie,bid36,AOR[],False,True,AOR,,Python::httpie::bid36
Python,httpie,bid37,no,True,False,,,Python::httpie::bid37
Python,httpie,bid38,Method call replacement,False,True,MCR,,Python::httpie::bid38
Python,httpie,bid39,Modification of condition statement,False,True,MOCS,,Python::httpie::bid39
Python,httpie,bid40,Method call replacment,False,True,MCR,,Python::httpie::bid40
Python,httpie,bid41,no,True,False,,,Python::httpie::bid41
Python,httpie,bid42,no,True,False,,,Python::httpie::bid42
Python,httpie,bid43,"Condition insertion, Method call insertion",False,True,CI;MCR,,Python::httpie::bid43
Python,httpie,bid44,"Condition insertion, Retern value modification",False,True,CI;MRV,,Python::httpie::bid44
Python,httpie,bid45,no,True,False,,,Python::httpie::bid45
Python,luigi,bid1,Method call replacment,False,True,MCR,,Python::luigi::bid1
Python,luigi,bid2,no,True,False,,,Python::luigi::bid2
Python,luigi,bid3,"Method call replacement, Execption insertion",False,True,EI;MCR,,Python::luigi::bid3
Python,luigi,bid4,Modification of Condition statement,False,True,MOCS,,Python::luigi::bid4
Python,luigi,bid5,no,True,False,,,Python::luigi::bid5
Python,luigi,bid6,no,True,False,,,Python::luigi::bid6
Python,luigi,bid7,Modification of condition ststement,False,True,MOCS,,Python::luigi::bid7
Python,luigi,bid8,Method call replacement,False,True,MCR,,Python::luigi::bid8
Python,luigi,bid9,no,True,False,,,Python::luigi::bid9
Python,luigi,bid10,Modification of Return Value,False,True,MRV,,Python::luigi::bid10
Python,luigi,bid11,Method call replacement,False,True,MCR,,Python::luigi::bid11
Python,luigi,bid12,no,True,False,,,Python::luigi::bid12
Python,luigi,bid13,method call replacementy,False,True,MCR,,Python::luigi::bid13
Python,luigi,bid14,no,True,False,,,Python::luigi::bid14
Python,luigi,bid15,"Modification of condition statement, Method call recplacement",False,True,MCR;MOCS,,Python::luigi::bid15
Python,luigi,bid16,"Variable initiozation,Condition insertion",False,True,CI;VA,,Python::luigi::bid16
Python,luigi,bid17,Modification of Return Value,False,True,MRV,,Python::luigi::bid17
Python,luigi,bid18,Else insertion,False,True,ElseI,,Python::luigi::bid18
Python,luigi,bid19,Modification of condition statement,False,True,MOCS,,Python::luigi::bid19
Python,luigi,bid20,"Condition Remval,Method call replacement",False,True,DOC;MCR,,Python::luigi::bid20
Python,luigi,bid21,"Condtion insertion, Method call insertion",False,True,CI;MCR,,Python::luigi::bid21
Python,luigi,bid22,Constant replacementy,False,True,CR,,Python::luigi::bid22
Python,luigi,bid23,no,True,False,,,Python::luigi::bid23
Python,luigi,bid24,Method call replacement,False,True,MCR,,Python::luigi::bid24
Python,luigi,bid25,Method call deletion,False,True,MCR,,Python::luigi::bid25
Python,luigi,bid26,Condition insertion,False,True,CI,,Python::luigi::bid26
Python,luigi,bid27,no,True,False,,,Python::luigi::bid27
Python,luigi,bid28,Method call insertion,False,True,MCR,,Python::luigi::bid28
Python,luigi,bid29,no,True,False,,,Python::luigi::bid29
Python,luigi,bid30,no,True,False,,,Python::luigi::bid30
Python,luigi,bid31,Modification of condtion statement,False,True,MOCS,,Python::luigi::bid31
Python,luigi,bid32,Statement insertion,False,True,SI,,Python::luigi::bid32
Python,luigi,bid33,Method call replacement,False,True,MCR,,Python::luigi::bid33
Python,matplotlib,bid1,no,True,False,,,Python::matplotlib::bid1
Python,matplotlib,bid2,no,True,False,,,Python::matplotlib::bid2
Python,matplotlib,bid3,Constant replacementy,False,True,CR,,Python::matplotlib::bid3
Python,matplotlib,bid4,no,True,False,,,Python::matplotlib::bid4
Python,matplotlib,bid5,Condition insertion,False,True,CI,,Python::matplotlib::bid5
Python,matplotlib,bid6,"Condition insertion,Method call insertion",False,True,CI;MCR,,Python::matplotlib::bid6
Python,matplotlib,bid7,Modification of condition statement,False,True,MOCS,,Python::matplotlib::bid7
Python,matplotlib,bid8,"Loop insertion, assignment insertion",False,True,VA,,Python::matplotlib::bid8
Python,matplotlib,bid9,Method call insertion,False,True,MCR,,Python::matplotlib::bid9
Python,matplotlib,bid10,"Condition insertion,Method call insertion",False,True,CI;MCR,,Python::matplotlib::bid10
Python,matplotlib,bid11,"Condition insertion, Statement insertion",False,True,CI;SI,,Python::matplotlib::bid11
Python,matplotlib,bid12,no,True,False,,,Python::matplotlib::bid12
Python,matplotlib,bid13,"Condition insertion,Statement insertion",False,True,CI;SI,,Python::matplotlib::bid13
Python,matplotlib,bid14,"Condition insertion,Statement insertion",False,True,CI;SI,,Python::matplotlib::bid14
Python,matplotlib,bid15,no,True,False,,,Python::matplotlib::bid15
Python,matplotlib,bid16,Statement insertion,False,True,SI,,Python::matplotlib::bid16
Python,matplotlib,bid17,Statement insertion,False,True,SI,,Python::matplotlib::bid17
Python,matplotlib,bid18,Method addition,False,True,MA,,Python::matplotlib::bid18
Python,matplotlib,bid19,Method addition,False,True,MA,,Python::matplotlib::bid19
Python,matplotlib,bid20,"Method call replacement, Statement insertion",False,True,MCR;SI,,Python::matplotlib::bid20
Python,matplotlib,bid21,"Condition insertion, Statement insertion,Method call replecement",False,True,CI;MCR;SI,,Python::matplotlib::bid21
Python,matplotlib,bid22,"Condition insertion, method call insertion",False,True,CI;MCR,,Python::matplotlib::bid22
Python,matplotlib,bid23,Method call replacement,False,True,MCR,,Python::matplotlib::bid23
Python,matplotlib,bid24,Method call replacement,False,True,MCR,,Python::matplotlib::bid24
Python,matplotlib,bid25,"Condition insertion, Exception insertion, Method call insertion",False,True,CI;EI;MCR,,Python::matplotlib::bid25
Python,matplotlib,bid26,Method call replacement,False,True,MCR,,Python::matplotlib::bid26
Python,matplotlib,bid27,Method call replacement,False,True,MCR,,Python::matplotlib::bid27
Python,matplotlib,bid28,"Modification of condition statement, Method call insertion",False,True,MCR;MOCS,,Python::matplotlib::bid28
Python,matplotlib,bid29,"Methodcall insertion, Method body replacement, Exception insertion",False,False,EI;MCR,method body replacement,Python::matplotlib::bid29
Python,matplotlib,bid30,no,True,False,,,Python::matplotlib::bid30
Python,sanic,bid1,Method call replacement,False,True,MCR,,Python::sanic::bid1
Python,sanic,bid2,no,True,False,,,Python::sanic::bid2
Python,sanic,bid3,"Condition insertion, Method call insertion, Method call replacement",False,True,CI;MCR,,Python::sanic::bid3
Python,sanic,bid4,Exception insertion,False,True,EI,,Python::sanic::bid4
Python,sanic,bid5,String replacement,False,True,SM,,Python::sanic::bid5
Python,scrapy,bid1,"Condition insertion, Statement insertion",False,True,CI;SI,,Python::scrapy::bid1
Python,scrapy,bid2,Condition insertion,False,True,CI,,Python::scrapy::bid2
Python,scrapy,bid3,"Condition insertion, Add import statement, Method call insertion",False,True,AIS;CI;MCR,,Python::scrapy::bid3
Python,scrapy,bid4,Method call replacement,False,True,MCR,,Python::scrapy::bid4
Python,scrapy,bid5,Else insertion,False,True,ElseI,,Python::scrapy::bid5
Python,scrapy,bid6,"Condition insertion, Method call insertion",False,True,CI;MCR,,Python::scrapy::bid6
Python,scrapy,bid7,"Condition insertion, Method call insertion, Add import statement",False,True,AIS;CI;MCR,,Python::scrapy::bid7
Python,scrapy,bid8,"Condition insertion,Statement insertion",False,True,CI;SI,,Python::scrapy::bid8
Python,scrapy,bid9,"Statement insertion, Add import statement",False,True,AIS;SI,,Python::scrapy::bid9
Python,scrapy,bis10,"add importa statement, Method call replacement",False,True,AIS;MCR,,Python::scrapy::bis10
Python,scrapy,bid11,String replacement,False,True,SM,,Python::scrapy::bid11
Python,scrapy,bid12,"Condition insertion,Exception insertion",False,True,CI;EI,,Python::scrapy::bid12
Python,scrapy,bid13,Constant replacement,False,True,CR,,Python::scrapy::bid13
Python,scrapy,bid14,"add importa statement, Method call replacement,Method call insertion",False,True,AIS;MCR,,Python::scrapy::bid14
Python,scrapy,bid15,"Exception insertion, Modification of return value",False,True,EI;MRV,,Python::scrapy::bid15
Python,scrapy,bid16,no,True,False,,,Python::scrapy::bid16
Python,scrapy,bid17,"Modification of Return value, Statement Deletion",False,True,MRV;SD,,Python::scrapy::bid17
Python,scrapy,bid18,Method call replacement,False,True,MCR,,Python::scrapy::bid18
Python,scrapy,bid19,no,True,False,,,Python::scrapy::bid19
Python,scrapy,bid20,Method call replacement,False,True,MCR,,Python::scrapy::bid20
Python,scrapy,bid21,"Method call replacment, Variable Initilzation",False,True,MCR;VA,,Python::scrapy::bid21
Python,scrapy,bid22,"Condition insertion, Methodcall insertion",False,True,CI;MCR,,Python::scrapy::bid22
Python,scrapy,bid23,no,True,False,,,Python::scrapy::bid23
Python,scrapy,bid24,"Method call replacement, Datatype Replacement",False,True,DTR;MCR,,Python::scrapy::bid24
Python,scrapy,bid25,"Add import statement, Methodcalled replacement, Modification of Return value",False,True,AIS;MCR;MRV,,Python::scrapy::bid25
Python,scrapy,bid26,no,True,False,,,Python::scrapy::bid26
Python,scrapy,bid27,"Method call replacement, Logical operator replacement",False,True,LOR;MCR,,Python::scrapy::bid27
Python,scrapy,bid28,Method call insertion,False,True,MCR,,Python::scrapy::bid28
Python,scrapy,bid29,Expression replacement,False,False,,expression replacement,Python::scrapy::bid29
Python,scrapy,bid30,no,True,False,,,Python::scrapy::bid30
Python,scrapy,bid31,"Method call replacement, Modification of Return Value",False,True,MCR;MRV,,Python::scrapy::bid31
Python,scrapy,bid32,Method call replacement,False,True,MCR,,Python::scrapy::bid32
Python,scrapy,bid33,no,True,False,,,Python::scrapy::bid33
Python,scrapy,bid34,"Add import statement, Methodcalled replacement",False,True,AIS;MCR,,Python::scrapy::bid34
Python,scrapy,bid35,Method call replacement,False,True,MCR,,Python::scrapy::bid35
Python,scrapy,bid36,no,True,False,,,Python::scrapy::bid36
Python,scrapy,bid37,Modification of condition statement,False,True,MOCS,,Python::scrapy::bid37
Python,scrapy,bid38,String replacement,False,True,SM,,Python::scrapy::bid38
Python,scrapy,bid39,"Statement insertion, Condition insertion",False,True,CI;SI,,Python::scrapy::bid39
Python,scrapy,bid40,"Statement insertion, Condition insertion, Modification of return value",False,True,CI;MRV;SI,,Python::scrapy::bid40
Python,spacy,bid1,"Condition insertion, Modification of return value",False,True,CI;MRV,,Python::spacy::bid1
Python,spacy,bid2,Method call insertion,False,True,MCR,,Python::spacy::bid2
Python,spacy,bid3,"Statement insertion,Method call insertion",False,True,MCR;SI,,Python::spacy::bid3
Python,spacy,bid4,Modification of condition statement,False,True,MOCS,,Python::spacy::bid4
Python,spacy,bid5,Statement reorder,False,True,SR,,Python::spacy::bid5
Python,spacy,bid6,"Statement reorder,Variable initialzation",False,True,SR;VA,,Python::spacy::bid6
Python,spacy,bid7,no,True,False,,,Python::spacy::bid7
Python,spacy,bid8,Statement insertion,False,True,SI,,Python::spacy::bid8
Python,spacy,bid9,Statement insertion,False,True,SI,,Python::spacy::bid9
Python,spacy,bid10,Statement insertion,False,True,SI,,Python::spacy::bid10
Python,tornado,bid1,no,True,False,,,Python::tornado::bid1
Python,tornado,bid2,Method call replacemet,False,True,MCR,,Python::tornado::bid2
Python,tornado,bid3,Method call replacement,False,True,MCR,,Python::tornado::bid3
Python,tornado,bid4,"Condition insertion, statement insertion",False,True,CI;SI,,Python::tornado::bid4
Python,tornado,bid5,"Statement insertion, Condition insertion",False,True,CI;SI,,Python::tornado::bid5
Python,tornado,bid6,no,True,False,,,Python::tornado::bid6
Python,tornado,bid7,"Method call replacement, Statement insertion, variable intization",False,True,MCR;SI,,Python::tornado::bid7
Python,tornado,bid8,no,True,False,,,Python::tornado::bid8
Python,tornado,bid9,"Condition insertion, Modification of return value",False,True,CI;MRV,,Python::tornado::bid9
Python,tornado,bid10,no,True,False,,,Python::tornado::bid10
Python,tornado,bid11,Modification of condition statement,False,True,MOCS,,Python::tornado::bid11
Python,tornado,bid12,"Add import statement, Variable Initization, Statement insertion",False,True,AIS;SI;VA,,Python::tornado::bid12
Python,tornado,bid13,"Logical operator replacement, Statemet insertion",False,True,LOR;SI,,Python::tornado::bid13
Python,tornado,bid14,"Logical operator replacement,Condition insertion",False,True,CI;LOR,,Python::tornado::bid14
Python,tornado,bid15,Statement insertion,False,True,SI,,Python::tornado::bid15
Python,tornado,bid16,Statement insertion,False,True,SI,,Python::tornado::bid16
Python,tqdm,bid1,Modification of the return value,False,True,MRV,,Python::tqdm::bid1
Python,tqdm,bid2,no,True,False,,,Python::tqdm::bid2
Python,tqdm,bid3,no,True,False,,,Python::tqdm::bid3
Python,tqdm,bid4,Condition insertion,False,True,CI,,Python::tqdm::bid4
Python,tqdm,bid5,no,True,False,,,Python::tqdm::bid5
Python,tqdm,bid6,Condition insertion,False,True,CI,,Python::tqdm::bid6
Python,tqdm,bid7,String replacement,False,True,SM,,Python::tqdm::bid7
Python,tqdm,bid8,Variable Replacement,False,True,VR,,Python::tqdm::bid8
Python,tqdm,bid9,no,True,False,,,Python::tqdm::bid9
Python,youtube_dl,bid1,Modification of consition statement,False,True,MOCS,,Python::youtube_dl::bid1
Python,youtube_dl,bid2,"Control flow deletion, Method call insertion",False,True,CFSM;MCR,,Python::youtube_dl::bid2
Python,youtube_dl,bid3,Logical operator replacement,False,True,LOR,,Python::youtube_dl::bid3
Python,youtube_dl,bid4,"logical operator replacement,Modification of condition",False,True,LOR;MOCS,,Python::youtube_dl::bid4
Python,youtube_dl,bid5,"Method call replacement, Modification of Return Value",False,True,MCR;MRV,,Python::youtube_dl::bid5
Python,youtube_dl,bid6,no,True,False,,,Python::youtube_dl::bid6
Python,youtube_dl,bid7,"condition insertion, Method call insertion",False,True,CI;MCR,,Python::youtube_dl::bid7
Python,youtube_dl,bid8,Statement insertion,False,True,SI,,Python::youtube_dl::bid8
Python,youtube_dl,bid9,no,True,False,,,Python::youtube_dl::bid9
Python,youtube_dl,bid10,"Logical operator replacement, Modification of condition statement",False,True,LOR;MOCS,,Python::youtube_dl::bid10
Python,youtube_dl,bid11,"Modification of condition statement, Modification of return value",False,True,MOCS;MRV,,Python::youtube_dl::bid11
Python,youtube_dl,bid12,Method call insertion,False,True,MCR,,Python::youtube_dl::bid12
Python,youtube_dl,bid13,Modification of condition statement,False,True,MOCS,,Python::youtube_dl::bid13
Python,youtube_dl,bid14,no,True,False,,,Python::youtube_dl::bid14
Python,youtube_dl,bid15,Modification of condition statement,False,True,MOCS,,Python::youtube_dl::bid15
Python,youtube_dl,bid16,no,True,False,,,Python::youtube_dl::bid16
Python,youtube_dl,bid17,"Condition insertion,Modification of return value",False,True,CI;MRV,,Python::youtube_dl::bid17
Python,youtube_dl,bid18,Modification of condtion statement,False,True,MOCS,,Python::youtube_dl::bid18
Python,youtube_dl,bid19,no,True,False,,,Python::youtube_dl::bid19
Python,youtube_dl,bid20,Modification of condition statement,False,True,MOCS,,Python::youtube_dl::bid20
Python,youtube_dl,bid21,"Condition insertion, Statement insertion, Method call insertion",False,True,CI;MCR;SI,,Python::youtube_dl::bid21
Python,youtube_dl,bid22,"Condtion insertion, Statement insertion, Method call insertion",False,True,CI;MCR;SI,,Python::youtube_dl::bid22
Python,youtube_dl,bid23,"Modification of condition statement, Else insertion",False,True,ElseI;MOCS,,Python::youtube_dl::bid23
Python,youtube_dl,bid24,"Condition insertion, Statement insertion, Method call insertion",False,True,CI;MCR;SI,,Python::youtube_dl::bid24
Python,youtube_dl,bid25,"Modification of condition, Variable initization",False,True,MOCS;VA,,Python::youtube_dl::bid25
Python,youtube_dl,bid26,Modification of condition statement,False,True,MOCS,,Python::youtube_dl::bid26
Python,youtube_dl,bid27,"Return value modification, Statement insertion",False,True,MRV;SI,,Python::youtube_dl::bid27
Python,youtube_dl,bid28,Exception insertion,False,True,EI,,Python::youtube_dl::bid28
Python,youtube_dl,bid29,"Condition insertion, Modification of return value",False,True,CI;MRV,,Python::youtube_dl::bid29
Python,youtube_dl,bid30,"Variable initialzation,Condition insertion, Modification of return value",False,True,CI;MRV;VA,,Python::youtube_dl::bid30
Python,youtube_dl,bid31,no,True,False,,,Python::youtube_dl::bid31
Python,youtube_dl,bid32,"Method call replacement, Modification of Return Value",False,True,MCR;MRV,,Python::youtube_dl::bid32
Python,youtube_dl,bid33,no,True,False,,,Python::youtube_dl::bid33
Python,youtube_dl,bid34,"Condition insertion,Statement insertion",False,True,CI;SI,,Python::youtube_dl::bid34
Python,youtube_dl,bid35,"Method call insertion,Condition insertion",False,True,CI;MCR,,Python::youtube_dl::bid35
Python,youtube_dl,bid36,Modification of condition,False,True,MOCS,,Python::youtube_dl::bid36
Python,youtube_dl,bid37,"Add import statement, Method call Replacement,Statement insertion",False,True,AIS;MCR;SI,,Python::youtube_dl::bid37
Python,youtube_dl,bid38,no,True,False,,,Python::youtube_dl::bid38
Python,youtube_dl,bid39,no,True,False,,,Python::youtube_dl::bid39
Python,youtube_dl,bid40,no,True,False,,,Python::youtube_dl::bid40
Python,youtube_dl,bid41,"Method call replacement, Modification of condition statement",False,True,MCR;MOCS,,Python::youtube_dl::bid41
Python,youtube_dl,bid42,no,True,False,,,Python::youtube_dl::bid42
Python,youtube_dl,bid43,Modification of condtion statement,False,True,MOCS,,Python::youtube_dl::bid43
Python,pandas,bid1,Modification of condition statement,False,True,MOCS,,Python::pandas::bid1
Python,pandas,bid2,"Statement reordering, Condition insertion",False,True,CI;SR,,Python::pandas::bid2
Python,pandas,bid3,"Statement insertion, Condition insertion",False,True,CI;SI,,Python::pandas::bid3
Python,pandas,bid4,"Condition insertion, Modification of return value",False,True,CI;MRV,,Python::pandas::bid4
Python,pandas,bid5,no,True,False,,,Python::pandas::bid5
Python,pandas,bid6,Method call replacement,False,True,MCR,,Python::pandas::bid6
JavaScript,bower,bid1,no,True,False,,,JavaScript::bower::bid1
JavaScript,bower,bid2,no,True,False,,,JavaScript::bower::bid2
JavaScript,bower,bid3,Method Call Replacement (MCR),False,True,MCR,,JavaScript::bower::bid3
JavaScript,eslint,bid4,Modification of Condition Statement (MOCS),False,True,MOCS,,JavaScript::eslint::bid4
JavaScript,eslint,bid5,no,True,False,,,JavaScript::eslint::bid5
JavaScript,eslint,bid6,"Condition insertion[], Modification of Return Value",False,True,CI;MRV,,JavaScript::eslint::bid6
JavaScript,eslint,bid7,Condition insertion,False,True,CI,,JavaScript::eslint::bid7
JavaScript,eslint,bid8,no,True,False,,,JavaScript::eslint::bid8
JavaScript,eslint,bid9,"Modification condition statement, Method call replacement, Modification return Value",False,True,MCR;MOCS;MRV,,JavaScript::eslint::bid9
JavaScript,eslint,bid10,"Methodcall replacement, Condotion insertion, Modification of condition statement",False,True,CI;MCR;MOCS,,JavaScript::eslint::bid10
JavaScript,eslint,bid11,Method Parameter Modification (MPM),False,True,MPM,,JavaScript::eslint::bid11
JavaScript,eslint,bid12,no,True,False,,,JavaScript::eslint::bid12
JavaScript,eslint,bid13,no,True,False,,,JavaScript::eslint::bid13
JavaScript,eslint,bid14,Constant Replacement (CR),False,True,CR,,JavaScript::eslint::bid14
JavaScript,eslint,bid15,Statement Deletion (SD),False,True,SD,,JavaScript::eslint::bid15
JavaScript,eslint,bid16,no,True,False,,,JavaScript::eslint::bid16
JavaScript,eslint,bid17,Bitwise Operator Replacement (BWO),False,True,BWO,,JavaScript::eslint::bid17
JavaScript,eslint,bid18,Logical Operator Replacement (LOR),False,True,LOR,,JavaScript::eslint::bid18
JavaScript,eslint,bid19,"Arithmetic Operator Replacement (AOR), Constant replacement,",False,True,AOR;CR,,JavaScript::eslint::bid19
JavaScript,eslint,bid20,Condition Insertion (CI),False,True,CI,,JavaScript::eslint::bid20
JavaScript,eslint,bid21,"Condition insertion, Modification of condition stement",False,True,CI;MOCS,,JavaScript::eslint::bid21
JavaScript,eslint,bid22,"Method call replacement, Modification of condition stement",False,True,MCR;MOCS,,JavaScript::eslint::bid22
JavaScript,eslint,bid23,"Condition insertion,Method call replacement",False,True,CI;MCR,,JavaScript::eslint::bid23
JavaScript,eslint,bid24,Arithmetic Operator Replacement (AOR),False,True,AOR,,JavaScript::eslint::bid24
JavaScript,eslint,bid25,"Method call replacement , Modification of condition statement",False,True,MCR;MOCS,,JavaScript::eslint::bid25
JavaScript,eslint,bid26,Modification of Return Value (MRV),False,True,MRV,,JavaScript::eslint::bid26
JavaScript,eslint,bid27,"Condition insertion, Modification of return Value",False,True,CI;MRV,,JavaScript::eslint::bid27
JavaScript,eslint,bid28,no,True,False,,,JavaScript::eslint::bid28
JavaScript,eslint,bid29,Method Parameter Modification (MPM),False,True,MPM,,JavaScript::eslint::bid29
JavaScript,eslint,bid30,Modification of Return Value (MRV),False,True,MRV,,JavaScript::eslint::bid30
JavaScript,eslint,bid31,no,True,False,,,JavaScript::eslint::bid31
JavaScript,eslint,bid32,no,True,False,,,JavaScript::eslint::bid32
JavaScript,eslint,bid33,Logical Operator Replacement (LOR),False,True,LOR,,JavaScript::eslint::bid33
JavaScript,eslint,bid34,no,True,False,,,JavaScript::eslint::bid34
JavaScript,eslint,bid35,Method call replacement,False,True,MCR,,JavaScript::eslint::bid35
JavaScript,eslint,bid36,Logical Operator Replacement (LOR),False,True,LOR,,JavaScript::eslint::bid36
JavaScript,eslint,bid37,"Method call replacement, Modification of condition stement",False,True,MCR;MOCS,,JavaScript::eslint::bid37
JavaScript,eslint,bid38,"Annotation addition, Mofication of condition stement",False,True,AA,,JavaScript::eslint::bid38
JavaScript,eslint,bid39,Modification of Condition Statement (MOCS),False,True,MOCS,,JavaScript::eslint::bid39
JavaScript,eslint,bid40,no,True,False,,,JavaScript::eslint::bid40
JavaScript,eslint,bid41,no,True,False,,,JavaScript::eslint::bid41
JavaScript,eslint,bid42,"Modification of condition statement, Statement insertion",False,True,MOCS;SI,,JavaScript::eslint::bid42
JavaScript,eslint,bid43,no,True,False,,,JavaScript::eslint::bid43
JavaScript,eslint,bid44,Logical Operator Replacement (LOR),False,True,LOR,,JavaScript::eslint::bid44
JavaScript,eslint,bid45,"Statement Insertion (SI), Condition Insertion(CI)",False,True,CI;SI,,JavaScript::eslint::bid45
JavaScript,eslint,bid46,Logical Operator Replacement (LOR),False,True,LOR,,JavaScript::eslint::bid46
JavaScript,eslint,bid47,Bitwise Operator Replacement (BWO),False,True,BWO,,JavaScript::eslint::bid47
JavaScript,eslint,bid48,For Loop Insertion,False,True,FLI,,JavaScript::eslint::bid48
JavaScript,eslint,bid49,no,True,False,,,JavaScript::eslint::bid49
JavaScript,eslint,bid50,Constant Replacement (CR),False,True,CR,,JavaScript::eslint::bid50
JavaScript,eslint,bid51,no,True,False,,,JavaScript::eslint::bid51
JavaScript,eslint,bid52,Modification of Return Value (MRV),False,True,MRV,,JavaScript::eslint::bid52
JavaScript,eslint,bid53,Reference Assignment Replacement (RAR),False,True,RAR,,JavaScript::eslint::bid53
JavaScript,eslint,bid54,no,True,False,,,JavaScript::eslint::bid54
JavaScript,eslint,bid55,no,True,False,,,JavaScript::eslint::bid55
JavaScript,eslint,bid56,"Method call replacement, Modification of condition stement",False,True,MCR;MOCS,,JavaScript::eslint::bid56
JavaScript,eslint,bid57,Statement Deletion (SD),False,True,SD,,JavaScript::eslint::bid57
JavaScript,eslint,bid58,no,True,False,,,JavaScript::eslint::bid58
JavaScript,eslint,bid59,"Condition insertion, Method call replacement",False,True,CI;MCR,,JavaScript::eslint::bid59
JavaScript,eslint,bid60,"Condition Insertion (CI), Modification of return Value(MRV)",False,True,CI;MRV,,JavaScript::eslint::bid60
JavaScript,eslint,bid61,Condition Negation (CN),False,True,CN,,JavaScript::eslint::bid61
JavaScript,eslint,bid62,"Variable assignment(VA), Satatement Insertion(SI), Condition insertion",False,True,CI;SI;VA,,JavaScript::eslint::bid62
JavaScript,eslint,bid63,Method Parameter Modification (MPM),False,True,MPM,,JavaScript::eslint::bid63
JavaScript,eslint,bid64,no,True,False,,,JavaScript::eslint::bid64
JavaScript,eslint,bid65,Method call replacement(MCR),False,True,MCR,,JavaScript::eslint::bid65
JavaScript,eslint,bid66,no,True,False,,,JavaScript::eslint::bid66
JavaScript,eslint,bid67,no,True,False,,,JavaScript::eslint::bid67
JavaScript,eslint,bid68,Method Call Replacement (MCR),False,True,MCR,,JavaScript::eslint::bid68
JavaScript,eslint,bid69,Statement Insertion(SI),False,True,SI,,JavaScript::eslint::bid69
JavaScript,eslint,bid70,"Variable Assignment (VA), Else Insertion(ElseI)",False,True,ElseI;VA,,JavaScript::eslint::bid70
JavaScript,eslint,bid71,no,True,False,,,JavaScript::eslint::bid71
JavaScript,eslint,bid72,Arithmetic Operator Replacement (AOR),False,True,AOR,,JavaScript::eslint::bid72
JavaScript,eslint,bid73,Method Parameter Modification (MPM),False,True,MPM,,JavaScript::eslint::bid73
JavaScript,eslint,bid74,Logical Operator Replacement (LOR),False,True,LOR,,JavaScript::eslint::bid74
JavaScript,eslint,bid75,Variable Replacement (VR),False,True,VR,,JavaScript::eslint::bid75
JavaScript,eslint,bid76,no,True,False,,,JavaScript::eslint::bid76
JavaScript,eslint,bid77,no,True,False,,,JavaScript::eslint::bid77
JavaScript,eslint,bid78,Modification of condition statement(MOCS0,False,True,MOCS,,JavaScript::eslint::bid78
JavaScript,eslint,bid79,Condition Insertion (CI),False,True,CI,,JavaScript::eslint::bid79
JavaScript,eslint,bid80,Condition Insertion (CI),False,True,CI,,JavaScript::eslint::bid80
JavaScript,eslint,bid81,Method Call Replacement (MCR),False,True,MCR,,JavaScript::eslint::bid81
JavaScript,eslint,bid82,"Condition(CI), Modification of condition Statement(MOCS),Statement(SI)",False,True,CI;MOCS;SI,,JavaScript::eslint::bid82
JavaScript,eslint,bid83,Bitwise Operator Replacement (BWO),False,True,BWO,,JavaScript::eslint::bid83
JavaScript,eslint,bid84,no,True,False,,,JavaScript::eslint::bid84
JavaScript,eslint,bid85,"Condition insertion(CI),Statement insertion(SI), Modification of return Value(MRV)",False,True,CI;MRV;SI,,JavaScript::eslint::bid85
JavaScript,eslint,bid86,Reference Assignment Replacement (RAR),False,True,RAR,,JavaScript::eslint::bid86
JavaScript,eslint,bid87,no,True,False,,,JavaScript::eslint::bid87
JavaScript,eslint,bid88,no,True,False,,,JavaScript::eslint::bid88
JavaScript,eslint,bid89,"Condition insertion(CI), Modification of Return Value(MRV)",False,True,CI;MRV,,JavaScript::eslint::bid89
JavaScript,eslint,bid90,"Statement Deletion (SD), Method call replacement(MCR)",False,True,MCR;SD,,JavaScript::eslint::bid90
JavaScript,eslint,bid91,"Statament insertion(SI0,Modification of return value",False,True,MRV;SI,,JavaScript::eslint::bid91
JavaScript,eslint,bid92,no,True,False,,,JavaScript::eslint::bid92
JavaScript,eslint,bid93,Logical Operator Replacement (LOR),False,True,LOR,,JavaScript::eslint::bid93
JavaScript,eslint,bid94,no,True,False,,,JavaScript::eslint::bid94
JavaScript,eslint,bid95,no,True,False,,,JavaScript::eslint::bid95
JavaScript,eslint,bid96,Method call replacement(MCR),False,True,MCR,,JavaScript::eslint::bid96
JavaScript,eslint,bid97,Logical Operator Replacement (LOR),False,True,LOR,,JavaScript::eslint::bid97
JavaScript,eslint,bid98,Method Parameter Modification (MPM),False,True,MPM,,JavaScript::eslint::bid98
JavaScript,eslint,bid99,Modification of Return Value (MRV),False,True,MRV,,JavaScript::eslint::bid99
JavaScript,eslint,bid100,Variable Assignment (VA),False,True,VA,,JavaScript::eslint::bid100
JavaScript,eslint,bid101,no,True,False,,,JavaScript::eslint::bid101
JavaScript,eslint,bid102,Method call replacement(MCR),False,True,MCR,,JavaScript::eslint::bid102
JavaScript,eslint,bid103,Logical Operator Replacement (LOR),False,True,LOR,,JavaScript::eslint::bid103
JavaScript,eslint,bid104,no,True,False,,,JavaScript::eslint::bid104
JavaScript,eslint,bid105,no,True,False,,,JavaScript::eslint::bid105
JavaScript,eslint,bid106,Statement Insertion (SI),False,True,SI,,JavaScript::eslint::bid106
JavaScript,eslint,bid107,no,True,False,,,JavaScript::eslint::bid107
JavaScript,eslint,bid108,"Condition insertion(CI0, Modificationof return Value(MRV)",False,True,CI;MRV,,JavaScript::eslint::bid108
JavaScript,eslint,bid109,"Else insertion(ElseI0, Modificationof return value(MRV)",False,True,ElseI;MRV,,JavaScript::eslint::bid109
JavaScript,eslint,bid110,Method call replacement(MCR),False,True,MCR,,JavaScript::eslint::bid110
JavaScript,eslint,bid111,no,True,False,,,JavaScript::eslint::bid111
JavaScript,eslint,bid112,no,True,False,,,JavaScript::eslint::bid112
JavaScript,eslint,bid113,Constant Replacement (CR),False,True,CR,,JavaScript::eslint::bid113
JavaScript,eslint,bid114,"Condition insertion(CI), Modification of Return Value(MRV)",False,True,CI;MRV,,JavaScript::eslint::bid114
JavaScript,eslint,bid115,no,True,False,,,JavaScript::eslint::bid115
JavaScript,eslint,bid116,no,True,False,,,JavaScript::eslint::bid116
JavaScript,eslint,bid117,no,True,False,,,JavaScript::eslint::bid117
JavaScript,eslint,bid118,Constant Replacement (CR),False,True,CR,,JavaScript::eslint::bid118
JavaScript,eslint,bid119,no,True,False,,,JavaScript::eslint::bid119
JavaScript,eslint,bid120,Method call replacement(MCR),False,True,MCR,,JavaScript::eslint::bid120
JavaScript,eslint,bid121,Modification of condition statement(MOCS),False,True,MOCS,,JavaScript::eslint::bid121
JavaScript,eslint,bid122,no,True,False,,,JavaScript::eslint::bid122
JavaScript,eslint,bid123,no,True,False,,,JavaScript::eslint::bid123
JavaScript,eslint,bid124,Logical Operator Replacement (LOR),False,True,LOR,,JavaScript::eslint::bid124
JavaScript,eslint,bid125,Arithmetic Operator Replacement (AOR),False,True,AOR,,JavaScript::eslint::bid125
JavaScript,eslint,bid126,Modification of condition stetement(MOCS),False,True,MOCS,,JavaScript::eslint::bid126
JavaScript,eslint,bid127,"Statement insertion(SI), Modification of return value(MRV),Modification of condition statement(MOCS)",False,True,MOCS;MRV;SI,,JavaScript::eslint::bid127
JavaScript,eslint,bid128,"Modification of condition statement(MOCS), Method call replacement(MCR)",False,True,MCR;MOCS,,JavaScript::eslint::bid128
JavaScript,eslint,bid129,no,True,False,,,JavaScript::eslint::bid129
JavaScript,eslint,bid130,no,True,False,,,JavaScript::eslint::bid130
JavaScript,eslint,bid131,no,True,False,,,JavaScript::eslint::bid131
JavaScript,eslint,bid132,Method call replacement(MCR),False,True,MCR,,JavaScript::eslint::bid132
JavaScript,eslint,bid133,"Statement insertion(SI),Modification of condition statement(MOCS)",False,True,MOCS;SI,,JavaScript::eslint::bid133
JavaScript,eslint,bid134,"Case Insertion (CASEI), Satatment insertion(SI)",False,True,CASEI;SI,,JavaScript::eslint::bid134
JavaScript,eslint,bid135,no,True,False,,,JavaScript::eslint::bid135
JavaScript,eslint,bid136,"Condition insertion(CI), Modification of return value(MRV)",False,True,CI;MRV,,JavaScript::eslint::bid136
JavaScript,eslint,bid137,"Condition deletion(CD), Statement deletion(SD), Method call replacement(MCR)",False,True,DOC;MCR;SD,,JavaScript::eslint::bid137
JavaScript,eslint,bid138,"Method call replacement(MCR), Statement insertion(SI)",False,True,MCR;SI,,JavaScript::eslint::bid138
JavaScript,eslint,bid139,no,True,False,,,JavaScript::eslint::bid139
JavaScript,eslint,bid140,"Modification of condition statement(MOCS), Modification of return Value(MRV)",False,True,MOCS;MRV,,JavaScript::eslint::bid140
JavaScript,eslint,bid141,no,True,False,,,JavaScript::eslint::bid141
JavaScript,eslint,bid142,Logical Operator Replacement (LOR),False,True,LOR,,JavaScript::eslint::bid142
JavaScript,eslint,bid143,no,True,False,,,JavaScript::eslint::bid143
JavaScript,eslint,bid144,Modification of condition statement(MOCS),False,True,MOCS,,JavaScript::eslint::bid144
JavaScript,eslint,bid145,"Constant Replacement (CR), Condition insertion(CI)",False,True,CI;CR,,JavaScript::eslint::bid145
JavaScript,express,bid177,no,True,False,,,JavaScript::express::bid177
JavaScript,express,bid178,Method Parameter Modification (MPM),False,True,MPM,,JavaScript::express::bid178
JavaScript,express,bid179,Relational Operator Replacement (ROR),False,True,ROR,,JavaScript::express::bid179
JavaScript,express,bid180,"Variable assignment(VA), Method call replacement(MCR)",False,True,MCR;VA,,JavaScript::express::bid180
JavaScript,express,bid181,Condition Negation (CN),False,True,CN,,JavaScript::express::bid181
JavaScript,express,bid182,no,True,False,,,JavaScript::express::bid182
JavaScript,express,bid183,no,True,False,,,JavaScript::express::bid183
JavaScript,express,bid184,Condition Insertion (CI),False,True,CI,,JavaScript::express::bid184
JavaScript,express,bid185,Reference Assignment Replacement (RAR),False,True,RAR,,JavaScript::express::bid185
JavaScript,express,bid186,"Condition insertion(CI), Variable assignment(VA)",False,True,CI;VA,,JavaScript::express::bid186
JavaScript,express,bid187,no,True,False,,,JavaScript::express::bid187
JavaScript,express,bid188,no,True,False,,,JavaScript::express::bid188
JavaScript,express,bid189,no,True,False,,,JavaScript::express::bid189
JavaScript,express,bid190,"Condition insertion(CI), Method call replacement(MCR), Modification of return Value(MRV)",False,True,CI;MCR;MRV,,JavaScript::express::bid190
JavaScript,express,bid191,no,True,False,,,JavaScript::express::bid191
JavaScript,express,bid192,Method Parameter Modification (MPM),False,True,MPM,,JavaScript::express::bid192
JavaScript,express,bid193,no,True,False,,,JavaScript::express::bid193
JavaScript,express,bid194,Condition Insertion (CI),False,True,CI,,JavaScript::express::bid194
JavaScript,express,bid195,no,True,False,,,JavaScript::express::bid195
JavaScript,express,bid196,no,True,False,,,JavaScript::express::bid196
JavaScript,express,bid197,no,True,False,,,JavaScript::express::bid197
JavaScript,express,bid198,no,True,False,,,JavaScript::express::bid198
JavaScript,express,bid199,no,True,False,,,JavaScript::express::bid199
JavaScript,express,bid200,no,True,False,,,JavaScript::express::bid200
JavaScript,express,bid201,"Condition insertion(CI), Method call replacement(MCR)",False,True,CI;MCR,,JavaScript::express::bid201
JavaScript,express,bid202,Logical Operator Replacement (LOR),False,True,LOR,,JavaScript::express::bid202
JavaScript,express,bid203,no,True,False,,,JavaScript::express::bid203
JavaScript,hessian-js,bid204,no,True,False,,,JavaScript::hessian-js::bid204
JavaScript,hessian-js,bid205,"Condition insertion(CI), Variable assignment(VA)",False,True,CI;VA,,JavaScript::hessian-js::bid205
JavaScript,hessian-js,bid206,no,True,False,,,JavaScript::hessian-js::bid206
JavaScript,hessian-js,bid207,Condition Insertion (CI),False,True,CI,,JavaScript::hessian-js::bid207
JavaScript,hessian-js,bid208,no,True,False,,,JavaScript::hessian-js::bid208
JavaScript,hessian-js,bid209,no,True,False,,,JavaScript::hessian-js::bid209
JavaScript,hessian-js,bid210,no,True,False,,,JavaScript::hessian-js::bid210
JavaScript,hessian-js,bid211,no,True,False,,,JavaScript::hessian-js::bid211
JavaScript,hessian-js,bid212,Statament deletion(SD),False,True,SD,,JavaScript::hessian-js::bid212
JavaScript,hexo,bid213,Variable Assignment (VA),False,True,VA,,JavaScript::hexo::bid213
JavaScript,hexo,bid214,no,True,False,,,JavaScript::hexo::bid214
JavaScript,hexo,bid215,"Variable assignment(VA), Condition insertion(CI), Method parameter modification(MPM), Modification of return Value(MRV)",False,True,CI;MPM;MRV;VA,,JavaScript::hexo::bid215
JavaScript,hexo,bid216,"Statment deletion(SD), Modifcation of return value(MRV)",False,True,MRV;SD,,JavaScript::hexo::bid216
JavaScript,hexo,bid217,no,True,False,,,JavaScript::hexo::bid217
JavaScript,hexo,bid218,no,True,False,,,JavaScript::hexo::bid218
JavaScript,hexo,bid219,Method call replacement(MCR),False,True,MCR,,JavaScript::hexo::bid219
JavaScript,hexo,bid220,Modification of Return Value (MRV),False,True,MRV,,JavaScript::hexo::bid220
JavaScript,hexo,bid221,no,True,False,,,JavaScript::hexo::bid221
JavaScript,hexo,bid222,no,True,False,,,JavaScript::hexo::bid222
JavaScript,hexo,bid223,no,True,False,,,JavaScript::hexo::bid223
JavaScript,hexo,bid224,Method Parameter Modification (MPM),False,True,MPM,,JavaScript::hexo::bid224
JavaScript,karma,bid225,String Modification (SM),False,True,SM,,JavaScript::karma::bid225
JavaScript,karma,bid226,no,True,False,,,JavaScript::karma::bid226
JavaScript,karma,bid227,Modification of Return Value (MRV),False,True,MRV,,JavaScript::karma::bid227
JavaScript,karma,bid228,Modification of Condition Statement (MOCS),False,True,MOCS,,JavaScript::karma::bid228
JavaScript,karma,bid229,Variable Assignment (VA),False,True,VA,,JavaScript::karma::bid229
JavaScript,karma,bid230,"Variable assignment(VA), Condition insertion(CI), Modification return value(MRV)",False,True,CI;MRV;VA,,JavaScript::karma::bid230
JavaScript,karma,bid231,no,True,False,,,JavaScript::karma::bid231
JavaScript,karma,bid232,Variable Assignment (VA),False,True,VA,,JavaScript::karma::bid232
JavaScript,karma,bid233,Modification of Return Value (MRV),False,True,MRV,,JavaScript::karma::bid233
JavaScript,karma,bid234,no,True,False,,,JavaScript::karma::bid234
JavaScript,karma,bid235,Method Parameter Modification (MPM),False,True,MPM,,JavaScript::karma::bid235
JavaScript,karma,bid236,no,True,False,,,JavaScript::karma::bid236
JavaScript,karma,bid237,no,True,False,,,JavaScript::karma::bid237
JavaScript,karma,bid238,MCR,False,True,MCR,,JavaScript::karma::bid238
JavaScript,karma,bid239,no,True,False,,,JavaScript::karma::bid239
JavaScript,karma,bid240,no,True,False,,,JavaScript::karma::bid240
JavaScript,karma,bid241,no,True,False,,,JavaScript::karma::bid241
JavaScript,karma,bid242,no,True,False,,,JavaScript::karma::bid242
JavaScript,karma,bid243,no,True,False,,,JavaScript::karma::bid243
JavaScript,karma,bid244,no,True,False,,,JavaScript::karma::bid244
JavaScript,karma,bid245,Import Statement Addition (AIS),False,True,AIS,,JavaScript::karma::bid245
JavaScript,karma,bid246,String Modification (SM),False,True,SM,,JavaScript::karma::bid246
JavaScript,shields,bid247,"Method call replacement(MCR), String modification(SM)",False,True,MCR;SM,,JavaScript::shields::bid247
JavaScript,shields,bid248,no,True,False,,,JavaScript::shields::bid248
JavaScript,shields,bid249,no,True,False,,,JavaScript::shields::bid249
JavaScript,shields,bid250,no,True,False,,,JavaScript::shields::bid250
