language,cost_scheme,budget_fraction,strategy_a,strategy_b,paired_bugs,difference_percentage_points,ci_95_low,ci_95_high
Java,exponential,0.1,frequency_per_cost,frequency,619,0.0,0.0,0.0
Java,exponential,0.1,exact_cost_aware,frequency,619,-2.10016155088853,-3.5541195476575123,-0.6462035541195477
Java,exponential,0.1,exact_cost_aware,frequency_per_cost,619,-2.10016155088853,-3.5541195476575123,-0.6462035541195477
Java,exponential,0.1,frequency,cheap_first,619,11.631663974151857,8.0735056542811,15.347334410339256
Java,exponential,0.2,frequency_per_cost,frequency,619,-10.177705977382875,-14.539579967689823,-5.654281098546042
Java,exponential,0.2,exact_cost_aware,frequency,619,0.0,0.0,0.0
Java,exponential,0.2,exact_cost_aware,frequency_per_cost,619,10.177705977382875,5.654281098546042,14.539579967689823
Java,exponential,0.2,frequency,cheap_first,619,31.663974151857836,26.974959612277868,36.34894991922455
Java,exponential,0.3,frequency_per_cost,frequency,619,10.177705977382875,7.1082390953150245,13.247172859450727
Java,exponential,0.3,exact_cost_aware,frequency,619,10.662358642972535,7.592891760904685,13.731825525040387
Java,exponential,0.3,exact_cost_aware,frequency_per_cost,619,0.48465266558966075,-0.48465266558966075,1.4539579967689822
Java,exponential,0.3,frequency,cheap_first,619,26.494345718901453,21.32471728594507,31.179321486268176
Java,exponential,0.4,frequency_per_cost,frequency,619,-0.16155088852988692,-2.7463651050080773,2.4232633279483036
Java,exponential,0.4,exact_cost_aware,frequency,619,-0.16155088852988692,-2.7463651050080773,2.2617124394184165
Java,exponential,0.4,exact_cost_aware,frequency_per_cost,619,0.0,-1.1308562197092082,1.1308562197092082
Java,exponential,0.4,frequency,cheap_first,619,40.38772213247172,35.37964458804523,45.39579967689822
Java,exponential,0.5,frequency_per_cost,frequency,619,0.0,-2.7463651050080773,2.9079159935379644
Java,exponential,0.5,exact_cost_aware,frequency,619,0.8077544426494345,-2.2617124394184165,4.038772213247173
Java,exponential,0.5,exact_cost_aware,frequency_per_cost,619,0.8077544426494345,-0.9693053311793215,2.5848142164781907
Java,exponential,0.5,frequency,cheap_first,619,41.35702746365105,36.025848142164776,46.52665589660743
Java,linear,0.1,frequency_per_cost,frequency,619,4.20032310177706,0.16155088852988692,8.077544426494345
Java,linear,0.1,exact_cost_aware,frequency,619,2.10016155088853,-1.615508885298869,5.654281098546042
Java,linear,0.1,exact_cost_aware,frequency_per_cost,619,-2.10016155088853,-3.5541195476575123,-0.8077544426494345
Java,linear,0.1,frequency,cheap_first,619,7.592891760904685,3.5541195476575123,11.631663974151857
Java,linear,0.2,frequency_per_cost,frequency,619,0.0,0.0,0.0
Java,linear,0.2,exact_cost_aware,frequency,619,0.0,0.0,0.0
Java,linear,0.2,exact_cost_aware,frequency_per_cost,619,0.0,0.0,0.0
Java,linear,0.2,frequency,cheap_first,619,38.28756058158319,33.925686591276246,42.81098546042003
Java,linear,0.3,frequency_per_cost,frequency,619,2.10016155088853,-0.8077544426494345,5.008077544426494
Java,linear,0.3,exact_cost_aware,frequency,619,1.938610662358643,-0.9693053311793215,4.68497576736672
Java,linear,0.3,exact_cost_aware,frequency_per_cost,619,-0.16155088852988692,-1.615508885298869,1.2924071082390953
Java,linear,0.3,frequency,cheap_first,619,37.156704361873985,32.31017770597738,41.84168012924071
Java,linear,0.4,frequency_per_cost,frequency,619,0.9693053311793215,-1.1308562197092082,3.231017770597738
Java,linear,0.4,exact_cost_aware,frequency,619,0.48465266558966075,-1.4539579967689822,2.4232633279483036
Java,linear,0.4,exact_cost_aware,frequency_per_cost,619,-0.48465266558966075,-1.938610662358643,0.9693053311793215
Java,linear,0.4,frequency,cheap_first,619,43.134087237479804,38.28756058158319,47.980613893376415
Java,linear,0.5,frequency_per_cost,frequency,619,-0.48465266558966075,-2.7463651050080773,1.7770597738287561
Java,linear,0.5,exact_cost_aware,frequency,619,-1.1308562197092082,-3.715670436187399,1.4539579967689822
Java,linear,0.5,exact_cost_aware,frequency_per_cost,619,-0.6462035541195477,-2.10016155088853,0.8077544426494345
Java,linear,0.5,frequency,cheap_first,619,48.949919224555735,44.103392568659125,53.79644588045234
Java,steep,0.1,frequency_per_cost,frequency,619,7.431340872374798,3.715670436187399,11.308562197092083
Java,steep,0.1,exact_cost_aware,frequency,619,7.915993537964459,4.20032310177706,11.631663974151857
Java,steep,0.1,exact_cost_aware,frequency_per_cost,619,0.48465266558966075,-3.231017770597738,4.038772213247173
Java,steep,0.1,frequency,cheap_first,619,-1.4539579967689822,-4.846526655896607,2.10016155088853
Java,steep,0.2,frequency_per_cost,frequency,619,-10.823909531502423,-15.347334410339256,-6.30048465266559
Java,steep,0.2,exact_cost_aware,frequency,619,0.0,0.0,0.0
Java,steep,0.2,exact_cost_aware,frequency_per_cost,619,10.823909531502423,6.30048465266559,15.347334410339256
Java,steep,0.2,frequency,cheap_first,619,23.101777059773827,18.093699515347332,27.948303715670438
Java,steep,0.3,frequency_per_cost,frequency,619,6.30048465266559,3.231017770597738,9.208400646203554
Java,steep,0.3,exact_cost_aware,frequency,619,6.946688206785137,3.877221324717286,9.85864297253629
Java,steep,0.3,exact_cost_aware,frequency_per_cost,619,0.6462035541195477,-0.16155088852988692,1.615508885298869
Java,steep,0.3,frequency,cheap_first,619,29.079159935379646,24.07108239095315,34.087237479806134
Java,steep,0.4,frequency_per_cost,frequency,619,-1.615508885298869,-4.20032310177706,0.9693053311793215
Java,steep,0.4,exact_cost_aware,frequency,619,-1.1308562197092082,-3.5541195476575123,1.2924071082390953
Java,steep,0.4,exact_cost_aware,frequency_per_cost,619,0.48465266558966075,-1.2924071082390953,2.2617124394184165
Java,steep,0.4,frequency,cheap_first,619,38.933764135702745,33.60258481421648,44.103392568659125
Java,steep,0.5,frequency_per_cost,frequency,619,0.9693053311793215,-1.615508885298869,3.877221324717286
Java,steep,0.5,exact_cost_aware,frequency,619,0.32310177705977383,-2.5848142164781907,3.392568659127625
Java,steep,0.5,exact_cost_aware,frequency_per_cost,619,-0.6462035541195477,-2.2617124394184165,0.9693053311793215
Java,steep,0.5,frequency,cheap_first,619,40.22617124394184,35.056542810985455,45.39579967689822
JavaScript,exponential,0.1,frequency_per_cost,frequency,128,3.90625,-3.125,10.9375
JavaScript,exponential,0.1,exact_cost_aware,frequency,128,3.90625,-3.90625,11.71875
JavaScript,exponential,0.1,exact_cost_aware,frequency_per_cost,128,0.0,-3.125,3.125
JavaScript,exponential,0.1,frequency,cheap_first,128,0.0,-9.375,8.59375
JavaScript,exponential,0.2,frequency_per_cost,frequency,128,4.6875,-4.6875,14.84375
JavaScript,exponential,0.2,exact_cost_aware,frequency,128,5.46875,-4.6875,15.625
JavaScript,exponential,0.2,exact_cost_aware,frequency_per_cost,128,0.78125,-1.5625,3.125
JavaScript,exponential,0.2,frequency,cheap_first,128,5.46875,-7.03125,17.96875
JavaScript,exponential,0.3,frequency_per_cost,frequency,128,17.1875,10.15625,24.238281249999716
JavaScript,exponential,0.3,exact_cost_aware,frequency,128,7.8125,0.78125,14.84375
JavaScript,exponential,0.3,exact_cost_aware,frequency_per_cost,128,-9.375,-15.625,-3.125
JavaScript,exponential,0.3,frequency,cheap_first,128,-3.125,-15.625,9.375
JavaScript,exponential,0.4,frequency_per_cost,frequency,128,-2.34375,-6.25,0.78125
JavaScript,exponential,0.4,exact_cost_aware,frequency,128,-9.375,-16.40625,-3.125
JavaScript,exponential,0.4,exact_cost_aware,frequency_per_cost,128,-7.03125,-13.28125,-1.5625
JavaScript,exponential,0.4,frequency,cheap_first,128,17.96875,6.25,29.6875
JavaScript,exponential,0.5,frequency_per_cost,frequency,128,-4.6875,-14.0625,4.6875
JavaScript,exponential,0.5,exact_cost_aware,frequency,128,-9.375,-17.96875,-0.78125
JavaScript,exponential,0.5,exact_cost_aware,frequency_per_cost,128,-4.6875,-8.59375,-1.5625
JavaScript,exponential,0.5,frequency,cheap_first,128,34.375,21.09375,46.875
JavaScript,linear,0.1,frequency_per_cost,frequency,128,-0.78125,-7.8125,7.03125
JavaScript,linear,0.1,exact_cost_aware,frequency,128,-6.25,-13.28125,0.78125
JavaScript,linear,0.1,exact_cost_aware,frequency_per_cost,128,-5.46875,-11.71875,0.78125
JavaScript,linear,0.1,frequency,cheap_first,128,1.5625,-7.8125,10.9375
JavaScript,linear,0.2,frequency_per_cost,frequency,128,10.9375,5.46875,17.1875
JavaScript,linear,0.2,exact_cost_aware,frequency,128,7.8125,0.78125,14.84375
JavaScript,linear,0.2,exact_cost_aware,frequency_per_cost,128,-3.125,-7.03125,0.0
JavaScript,linear,0.2,frequency,cheap_first,128,-1.5625,-12.5,9.375
JavaScript,linear,0.3,frequency_per_cost,frequency,128,0.0,0.0,0.0
JavaScript,linear,0.3,exact_cost_aware,frequency,128,0.0,0.0,0.0
JavaScript,linear,0.3,exact_cost_aware,frequency_per_cost,128,0.0,0.0,0.0
JavaScript,linear,0.3,frequency,cheap_first,128,6.25,-5.46875,19.53125
JavaScript,linear,0.4,frequency_per_cost,frequency,128,-6.25,-10.9375,-2.34375
JavaScript,linear,0.4,exact_cost_aware,frequency,128,0.0,-6.25,6.25
JavaScript,linear,0.4,exact_cost_aware,frequency_per_cost,128,6.25,1.5625,10.9375
JavaScript,linear,0.4,frequency,cheap_first,128,25.78125,14.0625,37.5
JavaScript,linear,0.5,frequency_per_cost,frequency,128,0.0,0.0,0.0
JavaScript,linear,0.5,exact_cost_aware,frequency,128,-2.34375,-6.25,0.78125
JavaScript,linear,0.5,exact_cost_aware,frequency_per_cost,128,-2.34375,-6.25,0.78125
JavaScript,linear,0.5,frequency,cheap_first,128,49.21875,37.5,60.15625
JavaScript,steep,0.1,frequency_per_cost,frequency,128,15.625,7.8125,23.4375
JavaScript,steep,0.1,exact_cost_aware,frequency,128,16.40625,8.59375,24.21875
JavaScript,steep,0.1,exact_cost_aware,frequency_per_cost,128,0.78125,0.0,2.34375
JavaScript,steep,0.1,frequency,cheap_first,128,-13.28125,-21.09375,-5.46875
JavaScript,steep,0.2,frequency_per_cost,frequency,128,22.65625,12.5,32.8125
JavaScript,steep,0.2,exact_cost_aware,frequency,128,22.65625,12.5,32.8125
JavaScript,steep,0.2,exact_cost_aware,frequency_per_cost,128,0.0,-5.46875,5.46875
JavaScript,steep,0.2,frequency,cheap_first,128,-20.3125,-30.46875,-10.15625
JavaScript,steep,0.3,frequency_per_cost,frequency,128,18.75,11.71875,25.78125
JavaScript,steep,0.3,exact_cost_aware,frequency,128,6.25,-0.78125,13.28125
JavaScript,steep,0.3,exact_cost_aware,frequency_per_cost,128,-12.5,-20.3125,-3.90625
JavaScript,steep,0.3,frequency,cheap_first,128,0.78125,-10.9375,13.28125
JavaScript,steep,0.4,frequency_per_cost,frequency,128,7.8125,1.5625,14.84375
JavaScript,steep,0.4,exact_cost_aware,frequency,128,-3.125,-7.8125,0.78125
JavaScript,steep,0.4,exact_cost_aware,frequency_per_cost,128,-10.9375,-17.1875,-5.46875
JavaScript,steep,0.4,frequency,cheap_first,128,18.75,7.8125,29.6875
JavaScript,steep,0.5,frequency_per_cost,frequency,128,-3.90625,-14.0625,5.46875
JavaScript,steep,0.5,exact_cost_aware,frequency,128,-10.15625,-18.75,-1.5625
JavaScript,steep,0.5,exact_cost_aware,frequency_per_cost,128,-6.25,-10.9375,-1.5625
JavaScript,steep,0.5,frequency,cheap_first,128,35.9375,23.4375,48.4375
Python,exponential,0.1,frequency_per_cost,frequency,178,0.0,0.0,0.0
Python,exponential,0.1,exact_cost_aware,frequency,178,0.0,0.0,0.0
Python,exponential,0.1,exact_cost_aware,frequency_per_cost,178,0.0,0.0,0.0
Python,exponential,0.1,frequency,cheap_first,178,28.08988764044944,21.34831460674157,35.39325842696629
Python,exponential,0.2,frequency_per_cost,frequency,178,-3.932584269662921,-12.359550561797752,4.49438202247191
Python,exponential,0.2,exact_cost_aware,frequency,178,-5.056179775280898,-8.426966292134832,-2.247191011235955
Python,exponential,0.2,exact_cost_aware,frequency_per_cost,178,-1.1235955056179776,-8.98876404494382,6.179775280898876
Python,exponential,0.2,frequency,cheap_first,178,45.50561797752809,37.640449438202246,53.37078651685393
Python,exponential,0.3,frequency_per_cost,frequency,178,7.865168539325842,-0.5617977528089888,16.853932584269664
Python,exponential,0.3,exact_cost_aware,frequency,178,7.303370786516854,-1.1235955056179776,15.730337078651685
Python,exponential,0.3,exact_cost_aware,frequency_per_cost,178,-0.5617977528089888,-1.6853932584269662,0.0
Python,exponential,0.3,frequency,cheap_first,178,41.57303370786517,31.46067415730337,51.68539325842697
Python,exponential,0.4,frequency_per_cost,frequency,178,7.303370786516854,3.3707865168539324,11.235955056179774
Python,exponential,0.4,exact_cost_aware,frequency,178,7.303370786516854,3.3707865168539324,11.235955056179774
Python,exponential,0.4,exact_cost_aware,frequency_per_cost,178,0.0,-1.6853932584269662,1.6853932584269662
Python,exponential,0.4,frequency,cheap_first,178,53.37078651685393,43.82022471910113,62.92134831460674
Python,exponential,0.5,frequency_per_cost,frequency,178,-1.6853932584269662,-3.932584269662921,0.0
Python,exponential,0.5,exact_cost_aware,frequency,178,-2.8089887640449436,-6.179775280898876,0.5617977528089888
Python,exponential,0.5,exact_cost_aware,frequency_per_cost,178,-1.1235955056179776,-3.932584269662921,1.6853932584269662
Python,exponential,0.5,frequency,cheap_first,178,67.97752808988764,60.1123595505618,75.28089887640449
Python,linear,0.1,frequency_per_cost,frequency,178,0.0,0.0,0.0
Python,linear,0.1,exact_cost_aware,frequency,178,0.0,0.0,0.0
Python,linear,0.1,exact_cost_aware,frequency_per_cost,178,0.0,0.0,0.0
Python,linear,0.1,frequency,cheap_first,178,28.651685393258425,21.910112359550563,35.39325842696629
Python,linear,0.2,frequency_per_cost,frequency,178,5.617977528089887,1.1235955056179776,10.674157303370785
Python,linear,0.2,exact_cost_aware,frequency,178,5.617977528089887,1.1235955056179776,10.674157303370785
Python,linear,0.2,exact_cost_aware,frequency_per_cost,178,0.0,0.0,0.0
Python,linear,0.2,frequency,cheap_first,178,50.56179775280899,42.69662921348314,58.42696629213483
Python,linear,0.3,frequency_per_cost,frequency,178,1.1235955056179776,-2.8089887640449436,5.056179775280898
Python,linear,0.3,exact_cost_aware,frequency,178,1.1235955056179776,-2.8089887640449436,5.056179775280898
Python,linear,0.3,exact_cost_aware,frequency_per_cost,178,0.0,0.0,0.0
Python,linear,0.3,frequency,cheap_first,178,58.98876404494382,50.56179775280899,66.85393258426966
Python,linear,0.4,frequency_per_cost,frequency,178,-1.1235955056179776,-2.8089887640449436,0.0
Python,linear,0.4,exact_cost_aware,frequency,178,0.0,-2.247191011235955,2.247191011235955
Python,linear,0.4,exact_cost_aware,frequency_per_cost,178,1.1235955056179776,0.0,2.8089887640449436
Python,linear,0.4,frequency,cheap_first,178,65.1685393258427,57.30337078651685,73.03370786516854
Python,linear,0.5,frequency_per_cost,frequency,178,3.932584269662921,0.0,7.865168539325842
Python,linear,0.5,exact_cost_aware,frequency,178,3.3707865168539324,-0.5617977528089888,7.303370786516854
Python,linear,0.5,exact_cost_aware,frequency_per_cost,178,-0.5617977528089888,-1.6853932584269662,0.0
Python,linear,0.5,frequency,cheap_first,178,64.60674157303372,56.17977528089888,73.03370786516854
Python,steep,0.1,frequency_per_cost,frequency,178,0.0,0.0,0.0
Python,steep,0.1,exact_cost_aware,frequency,178,0.0,0.0,0.0
Python,steep,0.1,exact_cost_aware,frequency_per_cost,178,0.0,0.0,0.0
Python,steep,0.1,frequency,cheap_first,178,28.08988764044944,20.786516853932586,35.39325842696629
Python,steep,0.2,frequency_per_cost,frequency,178,-3.932584269662921,-12.359550561797752,4.49438202247191
Python,steep,0.2,exact_cost_aware,frequency,178,-5.056179775280898,-8.426966292134832,-2.247191011235955
Python,steep,0.2,exact_cost_aware,frequency_per_cost,178,-1.1235955056179776,-8.98876404494382,6.179775280898876
Python,steep,0.2,frequency,cheap_first,178,30.89887640449438,21.910112359550563,39.90168539325822
Python,steep,0.3,frequency_per_cost,frequency,178,1.1235955056179776,-6.741573033707865,8.98876404494382
Python,steep,0.3,exact_cost_aware,frequency,178,-2.247191011235955,-9.550561797752808,5.617977528089887
Python,steep,0.3,exact_cost_aware,frequency_per_cost,178,-3.3707865168539324,-6.741573033707865,0.0
Python,steep,0.3,frequency,cheap_first,178,47.752808988764045,37.640449438202246,57.30337078651685
Python,steep,0.4,frequency_per_cost,frequency,178,0.0,0.0,0.0
Python,steep,0.4,exact_cost_aware,frequency,178,0.0,-1.6853932584269662,1.6853932584269662
Python,steep,0.4,exact_cost_aware,frequency_per_cost,178,0.0,-1.6853932584269662,1.6853932584269662
Python,steep,0.4,frequency,cheap_first,178,60.67415730337079,51.68539325842697,69.66292134831461
Python,steep,0.5,frequency_per_cost,frequency,178,-1.6853932584269662,-4.49438202247191,1.1235955056179776
Python,steep,0.5,exact_cost_aware,frequency,178,-1.6853932584269662,-4.49438202247191,1.1235955056179776
Python,steep,0.5,exact_cost_aware,frequency_per_cost,178,0.0,0.0,0.0
Python,steep,0.5,frequency,cheap_first,178,65.73033707865169,56.74157303370787,74.15730337078652
