language,fold,cost_scheme,budget_fraction,budget,strategy,selected_count,selected_cost,selected_operators
Java,1,linear,0.1,6.2,frequency,2.0,6.0,CI;MRV
Java,1,linear,0.1,6.2,frequency_per_cost,3.0,6.0,LOR;MCR;MRV
Java,1,linear,0.1,6.2,cheap_first,6.0,6.0,LOR;ROR;DOC;SD;AIS;AOR
Java,1,linear,0.1,6.2,exact_cost_aware,3.0,6.0,LOR;MCR;MRV
Java,1,linear,0.1,6.2,random,3.656,6.0,Mean of 1000 random portfolios
Java,1,linear,0.2,12.4,frequency,6.0,12.0,CI;MCR;MRV;LOR;ROR;DOC
Java,1,linear,0.2,12.4,frequency_per_cost,6.0,12.0,LOR;MCR;MRV;CI;ROR;DOC
Java,1,linear,0.2,12.4,cheap_first,12.0,12.0,LOR;ROR;DOC;SD;AIS;AOR;BR;BWO;SM;AA;CN;RAR
Java,1,linear,0.2,12.4,exact_cost_aware,6.0,12.0,LOR;MCR;MRV;CI;ROR;DOC
Java,1,linear,0.2,12.4,random,6.854,12.0,Mean of 1000 random portfolios
Java,1,linear,0.3,18.6,frequency,7.0,18.0,CI;MCR;MRV;LOR;VA;ROR;MPM
Java,1,linear,0.3,18.6,frequency_per_cost,9.0,18.0,LOR;MCR;MRV;CI;ROR;DOC;SD;AIS;VA
Java,1,linear,0.3,18.6,cheap_first,16.0,18.0,LOR;ROR;DOC;SD;AIS;AOR;BR;BWO;SM;AA;CN;RAR;DIS;ElseI;MRV;VR
Java,1,linear,0.3,18.6,exact_cost_aware,10.0,18.0,LOR;MCR;MRV;CI;ROR;DOC;SD;AIS;MPM;BR
Java,1,linear,0.3,18.6,random,10.053,18.0,Mean of 1000 random portfolios
Java,1,linear,0.4,24.8,frequency,10.0,24.0,CI;MCR;MRV;LOR;VA;ROR;MPM;MOCS;DOC;SD
Java,1,linear,0.4,24.8,frequency_per_cost,12.0,24.0,LOR;MCR;MRV;CI;ROR;DOC;SD;AIS;VA;MPM;VR;AOR
Java,1,linear,0.4,24.8,cheap_first,19.0,24.0,LOR;ROR;DOC;SD;AIS;AOR;BR;BWO;SM;AA;CN;RAR;DIS;ElseI;MRV;VR;DTR;SR;CFSM
Java,1,linear,0.4,24.8,exact_cost_aware,12.0,24.0,LOR;MCR;MRV;CI;ROR;DOC;SD;AIS;VA;MPM;DTR;BR
Java,1,linear,0.4,24.8,random,13.118,24.0,Mean of 1000 random portfolios
Java,1,linear,0.5,31.0,frequency,13.0,31.0,CI;MCR;MRV;LOR;VA;ROR;MPM;MOCS;DOC;SD;MA;VR;DTR
Java,1,linear,0.5,31.0,frequency_per_cost,14.0,31.0,LOR;MCR;MRV;CI;ROR;DOC;SD;AIS;VA;MPM;VR;DTR;MOCS;SR
Java,1,linear,0.5,31.0,cheap_first,22.0,30.0,LOR;ROR;DOC;SD;AIS;AOR;BR;BWO;SM;AA;CN;RAR;DIS;ElseI;MRV;VR;DTR;SR;CFSM;SI;BCO;EII
Java,1,linear,0.5,31.0,exact_cost_aware,14.0,31.0,LOR;MCR;MRV;CI;ROR;DOC;SD;AIS;VA;MPM;VR;DTR;MOCS;SR
Java,1,linear,0.5,31.0,random,16.837,31.0,Mean of 1000 random portfolios
Java,1,exponential,0.1,7.8,frequency,3.0,7.0,MCR;MRV;LOR
Java,1,exponential,0.1,7.8,frequency_per_cost,3.0,7.0,LOR;MRV;MCR
Java,1,exponential,0.1,7.8,cheap_first,7.0,7.0,LOR;ROR;DOC;SD;AIS;AOR;BR
Java,1,exponential,0.1,7.8,exact_cost_aware,3.0,7.0,LOR;MRV;MCR
Java,1,exponential,0.1,7.8,random,4.368,7.0,Mean of 1000 random portfolios
Java,1,exponential,0.2,15.6,frequency,4.0,15.0,CI;MCR;MRV;LOR
Java,1,exponential,0.2,15.6,frequency_per_cost,9.0,15.0,LOR;MRV;MCR;ROR;DOC;SD;AIS;VR;DTR
Java,1,exponential,0.2,15.6,cheap_first,14.0,14.0,LOR;ROR;DOC;SD;AIS;AOR;BR;BWO;SM;AA;CN;RAR;DIS;ElseI
Java,1,exponential,0.2,15.6,exact_cost_aware,4.0,15.0,LOR;MRV;MCR;CI
Java,1,exponential,0.2,15.6,random,7.465,15.0,Mean of 1000 random portfolios
Java,1,exponential,0.3,23.4,frequency,5.0,23.0,CI;MCR;MRV;LOR;VA
Java,1,exponential,0.3,23.4,frequency_per_cost,10.0,23.0,LOR;MRV;MCR;ROR;DOC;CI;SD;AIS;VR;DTR
Java,1,exponential,0.3,23.4,cheap_first,18.0,22.0,LOR;ROR;DOC;SD;AIS;AOR;BR;BWO;SM;AA;CN;RAR;DIS;ElseI;MRV;VR;DTR;SR
Java,1,exponential,0.3,23.4,exact_cost_aware,9.0,23.0,LOR;MRV;MCR;ROR;DOC;CI;SD;AIS;MPM
Java,1,exponential,0.3,23.4,random,10.687,23.0,Mean of 1000 random portfolios
Java,1,exponential,0.4,31.2,frequency,10.0,31.0,CI;MCR;MRV;LOR;VA;ROR;MPM;DOC;SD;AIS
Java,1,exponential,0.4,31.2,frequency_per_cost,13.0,31.0,LOR;MRV;MCR;ROR;DOC;CI;SD;AIS;VR;MPM;DTR;SR;CFSM
Java,1,exponential,0.4,31.2,cheap_first,22.0,30.0,LOR;ROR;DOC;SD;AIS;AOR;BR;BWO;SM;AA;CN;RAR;DIS;ElseI;MRV;VR;DTR;SR;CFSM;SI;BCO;EII
Java,1,exponential,0.4,31.2,exact_cost_aware,13.0,31.0,LOR;MRV;MCR;ROR;DOC;CI;SD;AIS;VR;MPM;DTR;SR;CFSM
Java,1,exponential,0.4,31.2,random,14.173,30.999,Mean of 1000 random portfolios
Java,1,exponential,0.5,39.0,frequency,11.0,39.0,CI;MCR;MRV;LOR;VA;ROR;MPM;MOCS;DOC;SD;AIS
Java,1,exponential,0.5,39.0,frequency_per_cost,14.0,39.0,LOR;MRV;MCR;ROR;DOC;CI;SD;AIS;VR;MPM;DTR;SR;CFSM;VA
Java,1,exponential,0.5,39.0,cheap_first,26.0,38.0,LOR;ROR;DOC;SD;AIS;AOR;BR;BWO;SM;AA;CN;RAR;DIS;ElseI;MRV;VR;DTR;SR;CFSM;SI;BCO;EII;EI;FLI;WLI;CASEI
Java,1,exponential,0.5,39.0,exact_cost_aware,14.0,39.0,LOR;MRV;MCR;ROR;DOC;CI;SD;AIS;VR;MPM;DTR;SR;CFSM;VA
Java,1,exponential,0.5,39.0,random,17.467,38.999,Mean of 1000 random portfolios
Java,1,steep,0.1,10.4,frequency,1.0,10.0,CI
Java,1,steep,0.1,10.4,frequency_per_cost,8.0,10.0,LOR;ROR;MRV;DOC;SD;AIS;AOR;BR
Java,1,steep,0.1,10.4,cheap_first,10.0,10.0,LOR;ROR;DOC;SD;AIS;AOR;BR;BWO;SM;AA
Java,1,steep,0.1,10.4,exact_cost_aware,3.0,10.0,LOR;MRV;MCR
Java,1,steep,0.1,10.4,random,4.654,10.0,Mean of 1000 random portfolios
Java,1,steep,0.2,20.8,frequency,4.0,20.0,CI;MCR;MRV;LOR
Java,1,steep,0.2,20.8,frequency_per_cost,9.0,20.0,LOR;ROR;MRV;MCR;DOC;SD;AIS;VR;DTR
Java,1,steep,0.2,20.8,cheap_first,16.0,20.0,LOR;ROR;DOC;SD;AIS;AOR;BR;BWO;SM;AA;CN;RAR;DIS;ElseI;MRV;VR
Java,1,steep,0.2,20.8,exact_cost_aware,4.0,20.0,LOR;MRV;MCR;CI
Java,1,steep,0.2,20.8,random,7.811,20.0,Mean of 1000 random portfolios
Java,1,steep,0.3,31.2,frequency,6.0,31.0,CI;MCR;MRV;LOR;VA;ROR
Java,1,steep,0.3,31.2,frequency_per_cost,11.0,31.0,LOR;ROR;MRV;MCR;DOC;CI;SD;AIS;VR;DTR;AOR
Java,1,steep,0.3,31.2,cheap_first,19.0,29.0,LOR;ROR;DOC;SD;AIS;AOR;BR;BWO;SM;AA;CN;RAR;DIS;ElseI;MRV;VR;DTR;SR;CFSM
Java,1,steep,0.3,31.2,exact_cost_aware,10.0,31.0,LOR;ROR;MRV;MCR;DOC;CI;SD;AIS;MPM;BR
Java,1,steep,0.3,31.2,random,11.304,31.0,Mean of 1000 random portfolios
Java,1,steep,0.4,41.6,frequency,11.0,41.0,CI;MCR;MRV;LOR;VA;ROR;MPM;DOC;SD;AIS;AOR
Java,1,steep,0.4,41.6,frequency_per_cost,14.0,41.0,LOR;ROR;MRV;MCR;DOC;CI;SD;AIS;VR;MPM;DTR;SR;AOR;BR
Java,1,steep,0.4,41.6,cheap_first,23.0,41.0,LOR;ROR;DOC;SD;AIS;AOR;BR;BWO;SM;AA;CN;RAR;DIS;ElseI;MRV;VR;DTR;SR;CFSM;SI;BCO;EII;EI
Java,1,steep,0.4,41.6,exact_cost_aware,14.0,41.0,LOR;ROR;MRV;MCR;DOC;CI;SD;AIS;MPM;DTR;SR;CFSM;AOR;BR
Java,1,steep,0.4,41.6,random,14.28,41.0,Mean of 1000 random portfolios
Java,1,steep,0.5,52.0,frequency,11.0,52.0,CI;MCR;MRV;LOR;VA;ROR;MPM;MOCS;DOC;SD;VR
Java,1,steep,0.5,52.0,frequency_per_cost,14.0,52.0,LOR;ROR;MRV;MCR;DOC;CI;SD;AIS;VR;MPM;DTR;VA;SR;CFSM
Java,1,steep,0.5,52.0,cheap_first,26.0,50.0,LOR;ROR;DOC;SD;AIS;AOR;BR;BWO;SM;AA;CN;RAR;DIS;ElseI;MRV;VR;DTR;SR;CFSM;SI;BCO;EII;EI;FLI;WLI;CASEI
Java,1,steep,0.5,52.0,exact_cost_aware,14.0,52.0,LOR;ROR;MRV;MCR;DOC;CI;SD;AIS;VR;MPM;DTR;VA;SR;CFSM
Java,1,steep,0.5,52.0,random,17.588,51.994,Mean of 1000 random portfolios
Java,2,linear,0.1,6.2,frequency,2.0,6.0,CI;MRV
Java,2,linear,0.1,6.2,frequency_per_cost,3.0,6.0,MCR;MRV;LOR
Java,2,linear,0.1,6.2,cheap_first,6.0,6.0,LOR;ROR;SD;DOC;AIS;AA
Java,2,linear,0.1,6.2,exact_cost_aware,3.0,6.0,MCR;MRV;ROR
Java,2,linear,0.1,6.2,random,3.653,6.0,Mean of 1000 random portfolios
Java,2,linear,0.2,12.4,frequency,6.0,12.0,CI;MCR;MRV;LOR;ROR;SD
Java,2,linear,0.2,12.4,frequency_per_cost,6.0,12.0,MCR;MRV;LOR;CI;ROR;SD
Java,2,linear,0.2,12.4,cheap_first,12.0,12.0,LOR;ROR;SD;DOC;AIS;AA;SM;AOR;DIS;BR;BWO;CN
Java,2,linear,0.2,12.4,exact_cost_aware,6.0,12.0,MCR;MRV;LOR;CI;ROR;SD
Java,2,linear,0.2,12.4,random,6.793,12.0,Mean of 1000 random portfolios
Java,2,linear,0.3,18.6,frequency,7.0,18.0,CI;MCR;MRV;VA;LOR;ROR;MPM
Java,2,linear,0.3,18.6,frequency_per_cost,9.0,18.0,MCR;MRV;LOR;CI;ROR;SD;DOC;AIS;VA
Java,2,linear,0.3,18.6,cheap_first,16.0,18.0,LOR;ROR;SD;DOC;AIS;AA;SM;AOR;DIS;BR;BWO;CN;RAR;ElseI;MRV;DTR
Java,2,linear,0.3,18.6,exact_cost_aware,10.0,18.0,MCR;MRV;LOR;CI;ROR;SD;DOC;AIS;MPM;SM
Java,2,linear,0.3,18.6,random,9.907,18.0,Mean of 1000 random portfolios
Java,2,linear,0.4,24.8,frequency,10.0,24.0,CI;MCR;MRV;VA;LOR;ROR;MPM;MOCS;SD;DOC
Java,2,linear,0.4,24.8,frequency_per_cost,12.0,24.0,MCR;MRV;LOR;CI;ROR;SD;DOC;AIS;VA;MPM;DTR;AA
Java,2,linear,0.4,24.8,cheap_first,19.0,24.0,LOR;ROR;SD;DOC;AIS;AA;SM;AOR;DIS;BR;BWO;CN;RAR;ElseI;MRV;DTR;VR;SR;EII
Java,2,linear,0.4,24.8,exact_cost_aware,12.0,24.0,MCR;MRV;LOR;CI;ROR;SD;DOC;AIS;VA;MPM;DTR;SM
Java,2,linear,0.4,24.8,random,13.098,24.0,Mean of 1000 random portfolios
Java,2,linear,0.5,31.0,frequency,14.0,31.0,CI;MCR;MRV;VA;LOR;ROR;MPM;MOCS;SD;DOC;MA;AIS;DTR;AA
Java,2,linear,0.5,31.0,frequency_per_cost,14.0,31.0,MCR;MRV;LOR;CI;ROR;SD;DOC;AIS;VA;MPM;DTR;VR;MOCS;SR
Java,2,linear,0.5,31.0,cheap_first,22.0,30.0,LOR;ROR;SD;DOC;AIS;AA;SM;AOR;DIS;BR;BWO;CN;RAR;ElseI;MRV;DTR;VR;SR;EII;CFSM;EI;SI
Java,2,linear,0.5,31.0,exact_cost_aware,15.0,31.0,MCR;MRV;LOR;CI;ROR;SD;DOC;AIS;VA;MPM;DTR;VR;MA;SR;AA
Java,2,linear,0.5,31.0,random,16.862,31.0,Mean of 1000 random portfolios
Java,2,exponential,0.1,7.8,frequency,3.0,7.0,MCR;MRV;LOR
Java,2,exponential,0.1,7.8,frequency_per_cost,3.0,7.0,MRV;LOR;MCR
Java,2,exponential,0.1,7.8,cheap_first,7.0,7.0,LOR;ROR;SD;DOC;AIS;AA;SM
Java,2,exponential,0.1,7.8,exact_cost_aware,3.0,7.0,MRV;MCR;ROR
Java,2,exponential,0.1,7.8,random,4.325,7.0,Mean of 1000 random portfolios
Java,2,exponential,0.2,15.6,frequency,4.0,15.0,CI;MCR;MRV;LOR
Java,2,exponential,0.2,15.6,frequency_per_cost,8.0,15.0,MRV;LOR;MCR;ROR;SD;DOC;AIS;MPM
Java,2,exponential,0.2,15.6,cheap_first,14.0,14.0,LOR;ROR;SD;DOC;AIS;AA;SM;AOR;DIS;BR;BWO;CN;RAR;ElseI
Java,2,exponential,0.2,15.6,exact_cost_aware,4.0,15.0,MRV;LOR;MCR;CI
Java,2,exponential,0.2,15.6,random,7.45,15.0,Mean of 1000 random portfolios
Java,2,exponential,0.3,23.4,frequency,5.0,23.0,CI;MCR;MRV;VA;LOR
Java,2,exponential,0.3,23.4,frequency_per_cost,9.0,23.0,MRV;LOR;MCR;ROR;SD;CI;DOC;AIS;MPM
Java,2,exponential,0.3,23.4,cheap_first,18.0,22.0,LOR;ROR;SD;DOC;AIS;AA;SM;AOR;DIS;BR;BWO;CN;RAR;ElseI;MRV;DTR;VR;SR
Java,2,exponential,0.3,23.4,exact_cost_aware,9.0,23.0,MRV;LOR;MCR;ROR;SD;CI;DOC;AIS;MPM
Java,2,exponential,0.3,23.4,random,10.791,23.0,Mean of 1000 random portfolios
Java,2,exponential,0.4,31.2,frequency,10.0,31.0,CI;MCR;MRV;VA;LOR;ROR;MPM;SD;DOC;AIS
Java,2,exponential,0.4,31.2,frequency_per_cost,14.0,31.0,MRV;LOR;MCR;ROR;SD;CI;DOC;AIS;MPM;DTR;VR;SR;AA;SM
Java,2,exponential,0.4,31.2,cheap_first,22.0,30.0,LOR;ROR;SD;DOC;AIS;AA;SM;AOR;DIS;BR;BWO;CN;RAR;ElseI;MRV;DTR;VR;SR;EII;CFSM;EI;SI
Java,2,exponential,0.4,31.2,exact_cost_aware,13.0,31.0,MRV;LOR;MCR;ROR;SD;CI;DOC;AIS;MPM;DTR;VR;SR;EI
Java,2,exponential,0.4,31.2,random,14.266,31.0,Mean of 1000 random portfolios
Java,2,exponential,0.5,39.0,frequency,11.0,39.0,CI;MCR;MRV;VA;LOR;ROR;MPM;MOCS;SD;DOC;AIS
Java,2,exponential,0.5,39.0,frequency_per_cost,15.0,39.0,MRV;LOR;MCR;ROR;SD;CI;DOC;AIS;MPM;DTR;VR;SR;VA;AA;SM
Java,2,exponential,0.5,39.0,cheap_first,26.0,38.0,LOR;ROR;SD;DOC;AIS;AA;SM;AOR;DIS;BR;BWO;CN;RAR;ElseI;MRV;DTR;VR;SR;EII;CFSM;EI;SI;BCO;FLI;WLI;CASEI
Java,2,exponential,0.5,39.0,exact_cost_aware,17.0,39.0,MRV;LOR;MCR;ROR;SD;CI;DOC;AIS;MPM;DTR;VR;SR;AA;EII;MA;EI;SM
Java,2,exponential,0.5,39.0,random,17.278,39.0,Mean of 1000 random portfolios
Java,2,steep,0.1,10.4,frequency,1.0,10.0,CI
Java,2,steep,0.1,10.4,frequency_per_cost,8.0,10.0,LOR;ROR;MRV;SD;DOC;AIS;AA;SM
Java,2,steep,0.1,10.4,cheap_first,10.0,10.0,LOR;ROR;SD;DOC;AIS;AA;SM;AOR;DIS;BR
Java,2,steep,0.1,10.4,exact_cost_aware,3.0,10.0,ROR;MRV;MCR
Java,2,steep,0.1,10.4,random,4.596,10.0,Mean of 1000 random portfolios
Java,2,steep,0.2,20.8,frequency,4.0,20.0,CI;MCR;MRV;LOR
Java,2,steep,0.2,20.8,frequency_per_cost,11.0,20.0,LOR;ROR;MRV;MCR;SD;DOC;AIS;AA;DTR;SM;AOR
Java,2,steep,0.2,20.8,cheap_first,16.0,20.0,LOR;ROR;SD;DOC;AIS;AA;SM;AOR;DIS;BR;BWO;CN;RAR;ElseI;MRV;DTR
Java,2,steep,0.2,20.8,exact_cost_aware,4.0,20.0,LOR;MRV;MCR;CI
Java,2,steep,0.2,20.8,random,7.682,20.0,Mean of 1000 random portfolios
Java,2,steep,0.3,31.2,frequency,6.0,31.0,CI;MCR;MRV;VA;LOR;ROR
Java,2,steep,0.3,31.2,frequency_per_cost,10.0,31.0,LOR;ROR;MRV;MCR;SD;DOC;AIS;CI;AA;MPM
Java,2,steep,0.3,31.2,cheap_first,19.0,29.0,LOR;ROR;SD;DOC;AIS;AA;SM;AOR;DIS;BR;BWO;CN;RAR;ElseI;MRV;DTR;VR;SR;EII
Java,2,steep,0.3,31.2,exact_cost_aware,10.0,31.0,LOR;ROR;MRV;MCR;SD;DOC;AIS;CI;MPM;SM
Java,2,steep,0.3,31.2,random,11.184,31.0,Mean of 1000 random portfolios
Java,2,steep,0.4,41.6,frequency,11.0,41.0,CI;MCR;MRV;VA;LOR;ROR;MPM;SD;DOC;AIS;AA
Java,2,steep,0.4,41.6,frequency_per_cost,14.0,41.0,LOR;ROR;MRV;MCR;SD;DOC;AIS;CI;AA;MPM;DTR;VR;SM;SR
Java,2,steep,0.4,41.6,cheap_first,23.0,41.0,LOR;ROR;SD;DOC;AIS;AA;SM;AOR;DIS;BR;BWO;CN;RAR;ElseI;MRV;DTR;VR;SR;EII;CFSM;EI;SI;BCO
Java,2,steep,0.4,41.6,exact_cost_aware,14.0,41.0,LOR;ROR;MRV;MCR;SD;DOC;AIS;CI;AA;MPM;DTR;SM;SR;EI
Java,2,steep,0.4,41.6,random,14.248,41.0,Mean of 1000 random portfolios
Java,2,steep,0.5,52.0,frequency,13.0,52.0,CI;MCR;MRV;VA;LOR;ROR;MPM;MOCS;SD;DOC;AIS;AA;SM
Java,2,steep,0.5,52.0,frequency_per_cost,16.0,52.0,LOR;ROR;MRV;MCR;SD;DOC;AIS;CI;AA;MPM;DTR;VA;VR;SM;SR;AOR
Java,2,steep,0.5,52.0,cheap_first,26.0,50.0,LOR;ROR;SD;DOC;AIS;AA;SM;AOR;DIS;BR;BWO;CN;RAR;ElseI;MRV;DTR;VR;SR;EII;CFSM;EI;SI;BCO;FLI;WLI;CASEI
Java,2,steep,0.5,52.0,exact_cost_aware,16.0,52.0,LOR;ROR;MRV;MCR;SD;DOC;AIS;CI;AA;MPM;DTR;VA;VR;SM;SR;AOR
Java,2,steep,0.5,52.0,random,17.611,51.993,Mean of 1000 random portfolios
Java,3,linear,0.1,6.2,frequency,2.0,6.0,CI;MRV
Java,3,linear,0.1,6.2,frequency_per_cost,3.0,6.0,LOR;MCR;MRV
Java,3,linear,0.1,6.2,cheap_first,6.0,6.0,LOR;ROR;DOC;SD;AIS;AA
Java,3,linear,0.1,6.2,exact_cost_aware,3.0,6.0,LOR;MCR;MRV
Java,3,linear,0.1,6.2,random,3.628,6.0,Mean of 1000 random portfolios
Java,3,linear,0.2,12.4,frequency,6.0,12.0,CI;MCR;MRV;LOR;ROR;DOC
Java,3,linear,0.2,12.4,frequency_per_cost,6.0,12.0,LOR;MCR;MRV;CI;ROR;DOC
Java,3,linear,0.2,12.4,cheap_first,12.0,12.0,LOR;ROR;DOC;SD;AIS;AA;SM;AOR;BR;DIS;BWO;CN
Java,3,linear,0.2,12.4,exact_cost_aware,6.0,12.0,LOR;MCR;MRV;CI;ROR;DOC
Java,3,linear,0.2,12.4,random,6.8,12.0,Mean of 1000 random portfolios
Java,3,linear,0.3,18.6,frequency,7.0,18.0,CI;MCR;MRV;LOR;ROR;VA;MPM
Java,3,linear,0.3,18.6,frequency_per_cost,10.0,18.0,LOR;MCR;MRV;CI;ROR;DOC;SD;AIS;MPM;AA
Java,3,linear,0.3,18.6,cheap_first,16.0,18.0,LOR;ROR;DOC;SD;AIS;AA;SM;AOR;BR;DIS;BWO;CN;RAR;ElseI;MRV;DTR
Java,3,linear,0.3,18.6,exact_cost_aware,10.0,18.0,LOR;MCR;MRV;CI;ROR;DOC;SD;AIS;MPM;SM
Java,3,linear,0.3,18.6,random,9.951,18.0,Mean of 1000 random portfolios
Java,3,linear,0.4,24.8,frequency,11.0,24.0,CI;MCR;MRV;LOR;ROR;VA;MPM;DOC;MA;SD;AIS
Java,3,linear,0.4,24.8,frequency_per_cost,12.0,24.0,LOR;MCR;MRV;CI;ROR;DOC;SD;AIS;MPM;VA;DTR;AA
Java,3,linear,0.4,24.8,cheap_first,19.0,24.0,LOR;ROR;DOC;SD;AIS;AA;SM;AOR;BR;DIS;BWO;CN;RAR;ElseI;MRV;DTR;EII;SR;BCO
Java,3,linear,0.4,24.8,exact_cost_aware,11.0,24.0,LOR;MCR;MRV;CI;ROR;DOC;SD;AIS;MPM;VA;MA
Java,3,linear,0.4,24.8,random,13.133,24.0,Mean of 1000 random portfolios
Java,3,linear,0.5,31.0,frequency,14.0,31.0,CI;MCR;MRV;LOR;ROR;VA;MPM;DOC;MA;MOCS;SD;AIS;DTR;AA
Java,3,linear,0.5,31.0,frequency_per_cost,15.0,31.0,LOR;MCR;MRV;CI;ROR;DOC;SD;AIS;MPM;VA;DTR;EII;MA;AA;SR
Java,3,linear,0.5,31.0,cheap_first,22.0,30.0,LOR;ROR;DOC;SD;AIS;AA;SM;AOR;BR;DIS;BWO;CN;RAR;ElseI;MRV;DTR;EII;SR;BCO;CFSM;SI;EI
Java,3,linear,0.5,31.0,exact_cost_aware,15.0,31.0,LOR;MCR;MRV;CI;ROR;DOC;SD;AIS;MPM;VA;DTR;EII;MA;AA;SR
Java,3,linear,0.5,31.0,random,16.92,31.0,Mean of 1000 random portfolios
Java,3,exponential,0.1,7.8,frequency,3.0,7.0,MCR;MRV;LOR
Java,3,exponential,0.1,7.8,frequency_per_cost,3.0,7.0,LOR;MRV;MCR
Java,3,exponential,0.1,7.8,cheap_first,7.0,7.0,LOR;ROR;DOC;SD;AIS;AA;SM
Java,3,exponential,0.1,7.8,exact_cost_aware,3.0,7.0,LOR;MRV;MCR
Java,3,exponential,0.1,7.8,random,4.361,7.0,Mean of 1000 random portfolios
Java,3,exponential,0.2,15.6,frequency,4.0,15.0,CI;MCR;MRV;LOR
Java,3,exponential,0.2,15.6,frequency_per_cost,8.0,15.0,LOR;MRV;MCR;ROR;DOC;SD;AIS;MPM
Java,3,exponential,0.2,15.6,cheap_first,14.0,14.0,LOR;ROR;DOC;SD;AIS;AA;SM;AOR;BR;DIS;BWO;CN;RAR;ElseI
Java,3,exponential,0.2,15.6,exact_cost_aware,4.0,15.0,LOR;MRV;MCR;CI
Java,3,exponential,0.2,15.6,random,7.394,15.0,Mean of 1000 random portfolios
Java,3,exponential,0.3,23.4,frequency,9.0,23.0,CI;MCR;MRV;LOR;ROR;MPM;DOC;SD;AIS
Java,3,exponential,0.3,23.4,frequency_per_cost,9.0,23.0,LOR;MRV;MCR;ROR;DOC;CI;SD;AIS;MPM
Java,3,exponential,0.3,23.4,cheap_first,18.0,22.0,LOR;ROR;DOC;SD;AIS;AA;SM;AOR;BR;DIS;BWO;CN;RAR;ElseI;MRV;DTR;EII;SR
Java,3,exponential,0.3,23.4,exact_cost_aware,9.0,23.0,LOR;MRV;MCR;ROR;DOC;CI;SD;AIS;MPM
Java,3,exponential,0.3,23.4,random,10.715,23.0,Mean of 1000 random portfolios
Java,3,exponential,0.4,31.2,frequency,10.0,31.0,CI;MCR;MRV;LOR;ROR;VA;MPM;DOC;SD;AIS
Java,3,exponential,0.4,31.2,frequency_per_cost,14.0,31.0,LOR;MRV;MCR;ROR;DOC;CI;SD;AIS;MPM;DTR;EII;AA;SR;SM
Java,3,exponential,0.4,31.2,cheap_first,22.0,30.0,LOR;ROR;DOC;SD;AIS;AA;SM;AOR;BR;DIS;BWO;CN;RAR;ElseI;MRV;DTR;EII;SR;BCO;CFSM;SI;EI
Java,3,exponential,0.4,31.2,exact_cost_aware,13.0,31.0,LOR;MRV;MCR;ROR;DOC;CI;SD;AIS;MPM;DTR;EII;SR;CFSM
Java,3,exponential,0.4,31.2,random,14.09,31.0,Mean of 1000 random portfolios
Java,3,exponential,0.5,39.0,frequency,13.0,39.0,CI;MCR;MRV;LOR;ROR;VA;MPM;DOC;MA;SD;AIS;DTR;EII
Java,3,exponential,0.5,39.0,frequency_per_cost,18.0,39.0,LOR;MRV;MCR;ROR;DOC;CI;SD;AIS;MPM;DTR;EII;AA;SR;BCO;CFSM;SI;EI;SM
Java,3,exponential,0.5,39.0,cheap_first,26.0,38.0,LOR;ROR;DOC;SD;AIS;AA;SM;AOR;BR;DIS;BWO;CN;RAR;ElseI;MRV;DTR;EII;SR;BCO;CFSM;SI;EI;VR;WLI;FLI;CASEI
Java,3,exponential,0.5,39.0,exact_cost_aware,17.0,39.0,LOR;MRV;MCR;ROR;DOC;CI;SD;AIS;MPM;DTR;EII;AA;SR;BCO;CFSM;MA;SM
Java,3,exponential,0.5,39.0,random,17.426,38.998,Mean of 1000 random portfolios
Java,3,steep,0.1,10.4,frequency,1.0,10.0,CI
Java,3,steep,0.1,10.4,frequency_per_cost,8.0,10.0,LOR;ROR;MRV;DOC;SD;AIS;AA;SM
Java,3,steep,0.1,10.4,cheap_first,10.0,10.0,LOR;ROR;DOC;SD;AIS;AA;SM;AOR;BR;DIS
Java,3,steep,0.1,10.4,exact_cost_aware,5.0,10.0,LOR;ROR;MCR;DOC;SD
Java,3,steep,0.1,10.4,random,4.691,10.0,Mean of 1000 random portfolios
Java,3,steep,0.2,20.8,frequency,4.0,20.0,CI;MCR;MRV;LOR
Java,3,steep,0.2,20.8,frequency_per_cost,11.0,20.0,LOR;ROR;MRV;MCR;DOC;SD;AIS;AA;DTR;SM;AOR
Java,3,steep,0.2,20.8,cheap_first,16.0,20.0,LOR;ROR;DOC;SD;AIS;AA;SM;AOR;BR;DIS;BWO;CN;RAR;ElseI;MRV;DTR
Java,3,steep,0.2,20.8,exact_cost_aware,4.0,20.0,LOR;MRV;MCR;CI
Java,3,steep,0.2,20.8,random,7.719,20.0,Mean of 1000 random portfolios
Java,3,steep,0.3,31.2,frequency,6.0,31.0,CI;MCR;MRV;LOR;ROR;VA
Java,3,steep,0.3,31.2,frequency_per_cost,10.0,31.0,LOR;ROR;MRV;MCR;DOC;SD;AIS;CI;AA;MPM
Java,3,steep,0.3,31.2,cheap_first,19.0,29.0,LOR;ROR;DOC;SD;AIS;AA;SM;AOR;BR;DIS;BWO;CN;RAR;ElseI;MRV;DTR;EII;SR;BCO
Java,3,steep,0.3,31.2,exact_cost_aware,10.0,31.0,LOR;ROR;MRV;MCR;DOC;SD;AIS;CI;MPM;SM
Java,3,steep,0.3,31.2,random,11.219,31.0,Mean of 1000 random portfolios
Java,3,steep,0.4,41.6,frequency,11.0,41.0,CI;MCR;MRV;LOR;ROR;VA;MPM;DOC;SD;AIS;AA
Java,3,steep,0.4,41.6,frequency_per_cost,14.0,41.0,LOR;ROR;MRV;MCR;DOC;SD;AIS;CI;AA;MPM;DTR;EII;SM;SR
Java,3,steep,0.4,41.6,cheap_first,23.0,41.0,LOR;ROR;DOC;SD;AIS;AA;SM;AOR;BR;DIS;BWO;CN;RAR;ElseI;MRV;DTR;EII;SR;BCO;CFSM;SI;EI;VR
Java,3,steep,0.4,41.6,exact_cost_aware,14.0,41.0,LOR;ROR;MRV;MCR;DOC;SD;AIS;CI;MPM;EII;SM;SR;CFSM;BR
Java,3,steep,0.4,41.6,random,14.306,41.0,Mean of 1000 random portfolios
Java,3,steep,0.5,52.0,frequency,13.0,52.0,CI;MCR;MRV;LOR;ROR;VA;MPM;DOC;MA;SD;AIS;DTR;EII
Java,3,steep,0.5,52.0,frequency_per_cost,19.0,52.0,LOR;ROR;MRV;MCR;DOC;SD;AIS;CI;AA;MPM;DTR;EII;SM;SR;BCO;CFSM;SI;AOR;BR
Java,3,steep,0.5,52.0,cheap_first,26.0,50.0,LOR;ROR;DOC;SD;AIS;AA;SM;AOR;BR;DIS;BWO;CN;RAR;ElseI;MRV;DTR;EII;SR;BCO;CFSM;SI;EI;VR;WLI;FLI;CASEI
Java,3,steep,0.5,52.0,exact_cost_aware,18.0,52.0,LOR;ROR;MRV;MCR;DOC;SD;AIS;CI;AA;MPM;EII;SM;SR;CFSM;SI;AOR;BR;MA
Java,3,steep,0.5,52.0,random,17.809,51.997,Mean of 1000 random portfolios
Java,4,linear,0.1,6.2,frequency,3.0,6.0,MCR;MRV;LOR
Java,4,linear,0.1,6.2,frequency_per_cost,3.0,6.0,LOR;MRV;MCR
Java,4,linear,0.1,6.2,cheap_first,6.0,6.0,LOR;ROR;DOC;AIS;SD;AA
Java,4,linear,0.1,6.2,exact_cost_aware,3.0,6.0,LOR;MRV;MCR
Java,4,linear,0.1,6.2,random,3.592,6.0,Mean of 1000 random portfolios
Java,4,linear,0.2,12.4,frequency,6.0,12.0,MCR;CI;MRV;LOR;ROR;DOC
Java,4,linear,0.2,12.4,frequency_per_cost,6.0,12.0,LOR;MRV;MCR;CI;ROR;DOC
Java,4,linear,0.2,12.4,cheap_first,12.0,12.0,LOR;ROR;DOC;AIS;SD;AA;BR;DIS;SM;BWO;AOR;CN
Java,4,linear,0.2,12.4,exact_cost_aware,6.0,12.0,LOR;MRV;MCR;CI;ROR;DOC
Java,4,linear,0.2,12.4,random,6.861,12.0,Mean of 1000 random portfolios
Java,4,linear,0.3,18.6,frequency,7.0,18.0,MCR;CI;MRV;LOR;VA;MPM;ROR
Java,4,linear,0.3,18.6,frequency_per_cost,10.0,18.0,LOR;MRV;MCR;CI;ROR;DOC;AIS;SD;MPM;AA
Java,4,linear,0.3,18.6,cheap_first,16.0,18.0,LOR;ROR;DOC;AIS;SD;AA;BR;DIS;SM;BWO;AOR;CN;ElseI;RAR;MRV;DTR
Java,4,linear,0.3,18.6,exact_cost_aware,10.0,18.0,LOR;MRV;MCR;CI;ROR;DOC;AIS;SD;MPM;AA
Java,4,linear,0.3,18.6,random,10.03,18.0,Mean of 1000 random portfolios
Java,4,linear,0.4,24.8,frequency,10.0,24.0,MCR;CI;MRV;LOR;VA;MPM;ROR;MOCS;DOC;AIS
Java,4,linear,0.4,24.8,frequency_per_cost,11.0,24.0,LOR;MRV;MCR;CI;ROR;DOC;AIS;SD;MPM;VA;MA
Java,4,linear,0.4,24.8,cheap_first,19.0,24.0,LOR;ROR;DOC;AIS;SD;AA;BR;DIS;SM;BWO;AOR;CN;ElseI;RAR;MRV;DTR;EII;SR;EI
Java,4,linear,0.4,24.8,exact_cost_aware,11.0,24.0,LOR;MRV;MCR;CI;ROR;DOC;AIS;SD;MPM;VA;MA
Java,4,linear,0.4,24.8,random,13.162,24.0,Mean of 1000 random portfolios
Java,4,linear,0.5,31.0,frequency,14.0,31.0,MCR;CI;MRV;LOR;VA;MPM;ROR;MOCS;DOC;MA;AIS;SD;DTR;AA
Java,4,linear,0.5,31.0,frequency_per_cost,14.0,31.0,LOR;MRV;MCR;CI;ROR;DOC;AIS;SD;MPM;VA;MOCS;MA;AA;DTR
Java,4,linear,0.5,31.0,cheap_first,22.0,30.0,LOR;ROR;DOC;AIS;SD;AA;BR;DIS;SM;BWO;AOR;CN;ElseI;RAR;MRV;DTR;EII;SR;EI;VR;WLI;FLI
Java,4,linear,0.5,31.0,exact_cost_aware,14.0,31.0,LOR;MRV;MCR;CI;ROR;DOC;AIS;SD;MPM;VA;MOCS;MA;AA;SR
Java,4,linear,0.5,31.0,random,16.931,31.0,Mean of 1000 random portfolios
Java,4,exponential,0.1,7.8,frequency,3.0,7.0,MCR;MRV;LOR
Java,4,exponential,0.1,7.8,frequency_per_cost,3.0,7.0,LOR;MRV;MCR
Java,4,exponential,0.1,7.8,cheap_first,7.0,7.0,LOR;ROR;DOC;AIS;SD;AA;BR
Java,4,exponential,0.1,7.8,exact_cost_aware,3.0,7.0,LOR;MRV;MCR
Java,4,exponential,0.1,7.8,random,4.442,7.0,Mean of 1000 random portfolios
Java,4,exponential,0.2,15.6,frequency,4.0,15.0,MCR;CI;MRV;LOR
Java,4,exponential,0.2,15.6,frequency_per_cost,8.0,15.0,LOR;MRV;MCR;ROR;DOC;AIS;SD;MPM
Java,4,exponential,0.2,15.6,cheap_first,14.0,14.0,LOR;ROR;DOC;AIS;SD;AA;BR;DIS;SM;BWO;AOR;CN;ElseI;RAR
Java,4,exponential,0.2,15.6,exact_cost_aware,4.0,15.0,LOR;MRV;MCR;CI
Java,4,exponential,0.2,15.6,random,7.583,15.0,Mean of 1000 random portfolios
Java,4,exponential,0.3,23.4,frequency,5.0,23.0,MCR;CI;MRV;LOR;VA
Java,4,exponential,0.3,23.4,frequency_per_cost,9.0,23.0,LOR;MRV;MCR;ROR;DOC;CI;AIS;SD;MPM
Java,4,exponential,0.3,23.4,cheap_first,18.0,22.0,LOR;ROR;DOC;AIS;SD;AA;BR;DIS;SM;BWO;AOR;CN;ElseI;RAR;MRV;DTR;EII;SR
Java,4,exponential,0.3,23.4,exact_cost_aware,9.0,23.0,LOR;MRV;MCR;ROR;DOC;CI;AIS;SD;MPM
Java,4,exponential,0.3,23.4,random,10.748,23.0,Mean of 1000 random portfolios
Java,4,exponential,0.4,31.2,frequency,10.0,31.0,MCR;CI;MRV;LOR;VA;MPM;ROR;DOC;AIS;SD
Java,4,exponential,0.4,31.2,frequency_per_cost,14.0,31.0,LOR;MRV;MCR;ROR;DOC;CI;AIS;SD;MPM;AA;DTR;EII;SR;BR
Java,4,exponential,0.4,31.2,cheap_first,22.0,30.0,LOR;ROR;DOC;AIS;SD;AA;BR;DIS;SM;BWO;AOR;CN;ElseI;RAR;MRV;DTR;EII;SR;EI;VR;WLI;FLI
Java,4,exponential,0.4,31.2,exact_cost_aware,13.0,31.0,LOR;MRV;MCR;ROR;DOC;CI;AIS;SD;MPM;EII;SR;EI;VR
Java,4,exponential,0.4,31.2,random,14.11,31.0,Mean of 1000 random portfolios
Java,4,exponential,0.5,39.0,frequency,11.0,39.0,MCR;CI;MRV;LOR;VA;MPM;ROR;MOCS;DOC;AIS;SD
Java,4,exponential,0.5,39.0,frequency_per_cost,17.0,39.0,LOR;MRV;MCR;ROR;DOC;CI;AIS;SD;MPM;AA;DTR;EII;SR;EI;VR;MA;BR
Java,4,exponential,0.5,39.0,cheap_first,26.0,38.0,LOR;ROR;DOC;AIS;SD;AA;BR;DIS;SM;BWO;AOR;CN;ElseI;RAR;MRV;DTR;EII;SR;EI;VR;WLI;FLI;BCO;SI;CFSM;CASEI
Java,4,exponential,0.5,39.0,exact_cost_aware,17.0,39.0,LOR;MRV;MCR;ROR;DOC;CI;AIS;SD;MPM;AA;DTR;EII;SR;EI;VR;MA;BR
Java,4,exponential,0.5,39.0,random,17.163,39.0,Mean of 1000 random portfolios
Java,4,steep,0.1,10.4,frequency,3.0,10.0,MCR;MRV;LOR
Java,4,steep,0.1,10.4,frequency_per_cost,8.0,10.0,LOR;MRV;ROR;DOC;AIS;SD;AA;BR
Java,4,steep,0.1,10.4,cheap_first,10.0,10.0,LOR;ROR;DOC;AIS;SD;AA;BR;DIS;SM;BWO
Java,4,steep,0.1,10.4,exact_cost_aware,3.0,10.0,LOR;MRV;MCR
Java,4,steep,0.1,10.4,random,4.567,10.0,Mean of 1000 random portfolios
Java,4,steep,0.2,20.8,frequency,4.0,20.0,MCR;CI;MRV;LOR
Java,4,steep,0.2,20.8,frequency_per_cost,11.0,20.0,LOR;MRV;ROR;MCR;DOC;AIS;SD;AA;DTR;BR;DIS
Java,4,steep,0.2,20.8,cheap_first,16.0,20.0,LOR;ROR;DOC;AIS;SD;AA;BR;DIS;SM;BWO;AOR;CN;ElseI;RAR;MRV;DTR
Java,4,steep,0.2,20.8,exact_cost_aware,4.0,20.0,LOR;MRV;MCR;CI
Java,4,steep,0.2,20.8,random,7.703,20.0,Mean of 1000 random portfolios
Java,4,steep,0.3,31.2,frequency,6.0,31.0,MCR;CI;MRV;LOR;VA;ROR
Java,4,steep,0.3,31.2,frequency_per_cost,10.0,31.0,LOR;MRV;ROR;MCR;DOC;AIS;SD;CI;AA;MPM
Java,4,steep,0.3,31.2,cheap_first,19.0,29.0,LOR;ROR;DOC;AIS;SD;AA;BR;DIS;SM;BWO;AOR;CN;ElseI;RAR;MRV;DTR;EII;SR;EI
Java,4,steep,0.3,31.2,exact_cost_aware,10.0,31.0,LOR;MRV;ROR;MCR;DOC;AIS;SD;CI;AA;MPM
Java,4,steep,0.3,31.2,random,11.178,31.0,Mean of 1000 random portfolios
Java,4,steep,0.4,41.6,frequency,11.0,41.0,MCR;CI;MRV;LOR;VA;MPM;ROR;DOC;AIS;SD;AA
Java,4,steep,0.4,41.6,frequency_per_cost,14.0,41.0,LOR;MRV;ROR;MCR;DOC;AIS;SD;CI;AA;MPM;DTR;EII;SR;BR
Java,4,steep,0.4,41.6,cheap_first,23.0,41.0,LOR;ROR;DOC;AIS;SD;AA;BR;DIS;SM;BWO;AOR;CN;ElseI;RAR;MRV;DTR;EII;SR;EI;VR;WLI;FLI;BCO
Java,4,steep,0.4,41.6,exact_cost_aware,14.0,41.0,LOR;MRV;ROR;MCR;DOC;AIS;SD;CI;AA;MPM;EII;SR;EI;SM
Java,4,steep,0.4,41.6,random,14.183,41.0,Mean of 1000 random portfolios
Java,4,steep,0.5,52.0,frequency,13.0,52.0,MCR;CI;MRV;LOR;VA;MPM;ROR;MOCS;DOC;AIS;SD;AA;BR
Java,4,steep,0.5,52.0,frequency_per_cost,16.0,52.0,LOR;MRV;ROR;MCR;DOC;AIS;SD;CI;AA;MPM;DTR;EII;SR;VA;BR;DIS
Java,4,steep,0.5,52.0,cheap_first,26.0,50.0,LOR;ROR;DOC;AIS;SD;AA;BR;DIS;SM;BWO;AOR;CN;ElseI;RAR;MRV;DTR;EII;SR;EI;VR;WLI;FLI;BCO;SI;CFSM;CASEI
Java,4,steep,0.5,52.0,exact_cost_aware,16.0,52.0,LOR;MRV;ROR;MCR;DOC;AIS;SD;CI;AA;MPM;DTR;EII;SR;EI;VR;MA
Java,4,steep,0.5,52.0,random,17.654,51.992,Mean of 1000 random portfolios
Java,5,linear,0.1,6.2,frequency,2.0,6.0,CI;MRV
Java,5,linear,0.1,6.2,frequency_per_cost,3.0,6.0,LOR;MCR;MRV
Java,5,linear,0.1,6.2,cheap_first,6.0,6.0,LOR;ROR;SD;DOC;AIS;AA
Java,5,linear,0.1,6.2,exact_cost_aware,3.0,6.0,LOR;MCR;MRV
Java,5,linear,0.1,6.2,random,3.648,6.0,Mean of 1000 random portfolios
Java,5,linear,0.2,12.4,frequency,6.0,12.0,CI;MCR;MRV;LOR;ROR;SD
Java,5,linear,0.2,12.4,frequency_per_cost,6.0,12.0,LOR;MCR;MRV;CI;ROR;SD
Java,5,linear,0.2,12.4,cheap_first,12.0,12.0,LOR;ROR;SD;DOC;AIS;AA;SM;AOR;BR;DIS;BWO;CN
Java,5,linear,0.2,12.4,exact_cost_aware,6.0,12.0,LOR;MCR;MRV;CI;ROR;SD
Java,5,linear,0.2,12.4,random,6.817,12.0,Mean of 1000 random portfolios
Java,5,linear,0.3,18.6,frequency,7.0,18.0,CI;MCR;MRV;LOR;VA;ROR;MPM
Java,5,linear,0.3,18.6,frequency_per_cost,9.0,18.0,LOR;MCR;MRV;CI;ROR;SD;DOC;VA;AIS
Java,5,linear,0.3,18.6,cheap_first,16.0,18.0,LOR;ROR;SD;DOC;AIS;AA;SM;AOR;BR;DIS;BWO;CN;RAR;ElseI;MRV;DTR
Java,5,linear,0.3,18.6,exact_cost_aware,9.0,18.0,LOR;MCR;MRV;CI;ROR;SD;DOC;VA;AIS
Java,5,linear,0.3,18.6,random,10.021,18.0,Mean of 1000 random portfolios
Java,5,linear,0.4,24.8,frequency,10.0,24.0,CI;MCR;MRV;LOR;VA;ROR;MPM;MOCS;SD;DOC
Java,5,linear,0.4,24.8,frequency_per_cost,11.0,24.0,LOR;MCR;MRV;CI;ROR;SD;DOC;VA;AIS;MPM;MA
Java,5,linear,0.4,24.8,cheap_first,19.0,24.0,LOR;ROR;SD;DOC;AIS;AA;SM;AOR;BR;DIS;BWO;CN;RAR;ElseI;MRV;DTR;EII;SR;VR
Java,5,linear,0.4,24.8,exact_cost_aware,11.0,24.0,LOR;MCR;MRV;CI;ROR;SD;DOC;VA;MPM;DTR;SR
Java,5,linear,0.4,24.8,random,13.205,24.0,Mean of 1000 random portfolios
Java,5,linear,0.5,31.0,frequency,13.0,31.0,CI;MCR;MRV;LOR;VA;ROR;MPM;MOCS;MA;SD;DOC;DTR;EII
Java,5,linear,0.5,31.0,frequency_per_cost,15.0,31.0,LOR;MCR;MRV;CI;ROR;SD;DOC;VA;AIS;MPM;MA;DTR;EII;SR;AA
Java,5,linear,0.5,31.0,cheap_first,22.0,30.0,LOR;ROR;SD;DOC;AIS;AA;SM;AOR;BR;DIS;BWO;CN;RAR;ElseI;MRV;DTR;EII;SR;VR;CFSM;BCO;EI
Java,5,linear,0.5,31.0,exact_cost_aware,15.0,31.0,LOR;MCR;MRV;CI;ROR;SD;DOC;VA;AIS;MPM;MA;DTR;SR;AA;CFSM
Java,5,linear,0.5,31.0,random,16.937,31.0,Mean of 1000 random portfolios
Java,5,exponential,0.1,7.8,frequency,3.0,7.0,MCR;MRV;LOR
Java,5,exponential,0.1,7.8,frequency_per_cost,3.0,7.0,LOR;MRV;MCR
Java,5,exponential,0.1,7.8,cheap_first,7.0,7.0,LOR;ROR;SD;DOC;AIS;AA;SM
Java,5,exponential,0.1,7.8,exact_cost_aware,3.0,7.0,LOR;MRV;MCR
Java,5,exponential,0.1,7.8,random,4.381,7.0,Mean of 1000 random portfolios
Java,5,exponential,0.2,15.6,frequency,4.0,15.0,CI;MCR;MRV;LOR
Java,5,exponential,0.2,15.6,frequency_per_cost,9.0,15.0,LOR;MRV;MCR;ROR;SD;DOC;AIS;DTR;EII
Java,5,exponential,0.2,15.6,cheap_first,14.0,14.0,LOR;ROR;SD;DOC;AIS;AA;SM;AOR;BR;DIS;BWO;CN;RAR;ElseI
Java,5,exponential,0.2,15.6,exact_cost_aware,4.0,15.0,LOR;MRV;MCR;CI
Java,5,exponential,0.2,15.6,random,7.453,15.0,Mean of 1000 random portfolios
Java,5,exponential,0.3,23.4,frequency,5.0,23.0,CI;MCR;MRV;LOR;VA
Java,5,exponential,0.3,23.4,frequency_per_cost,10.0,23.0,LOR;MRV;MCR;ROR;CI;SD;DOC;AIS;DTR;EII
Java,5,exponential,0.3,23.4,cheap_first,18.0,22.0,LOR;ROR;SD;DOC;AIS;AA;SM;AOR;BR;DIS;BWO;CN;RAR;ElseI;MRV;DTR;EII;SR
Java,5,exponential,0.3,23.4,exact_cost_aware,10.0,23.0,LOR;MRV;MCR;ROR;CI;SD;DOC;AIS;DTR;SR
Java,5,exponential,0.3,23.4,random,10.615,23.0,Mean of 1000 random portfolios
Java,5,exponential,0.4,31.2,frequency,10.0,31.0,CI;MCR;MRV;LOR;VA;ROR;MPM;SD;DOC;AIS
Java,5,exponential,0.4,31.2,frequency_per_cost,14.0,31.0,LOR;MRV;MCR;ROR;CI;SD;DOC;AIS;DTR;EII;SR;AA;MPM;SM
Java,5,exponential,0.4,31.2,cheap_first,22.0,30.0,LOR;ROR;SD;DOC;AIS;AA;SM;AOR;BR;DIS;BWO;CN;RAR;ElseI;MRV;DTR;EII;SR;VR;CFSM;BCO;EI
Java,5,exponential,0.4,31.2,exact_cost_aware,13.0,31.0,LOR;MRV;MCR;ROR;CI;SD;DOC;AIS;DTR;EII;SR;MPM;CFSM
Java,5,exponential,0.4,31.2,random,13.882,31.0,Mean of 1000 random portfolios
Java,5,exponential,0.5,39.0,frequency,11.0,39.0,CI;MCR;MRV;LOR;VA;ROR;MPM;MOCS;SD;DOC;AIS
Java,5,exponential,0.5,39.0,frequency_per_cost,15.0,39.0,LOR;MRV;MCR;ROR;CI;SD;DOC;AIS;DTR;EII;SR;AA;VA;MPM;SM
Java,5,exponential,0.5,39.0,cheap_first,26.0,38.0,LOR;ROR;SD;DOC;AIS;AA;SM;AOR;BR;DIS;BWO;CN;RAR;ElseI;MRV;DTR;EII;SR;VR;CFSM;BCO;EI;SI;FLI;WLI;CASEI
Java,5,exponential,0.5,39.0,exact_cost_aware,17.0,39.0,LOR;MRV;MCR;ROR;CI;SD;DOC;AIS;DTR;EII;SR;AA;MPM;VR;MA;CFSM;SM
Java,5,exponential,0.5,39.0,random,17.144,39.0,Mean of 1000 random portfolios
Java,5,steep,0.1,10.4,frequency,1.0,10.0,CI
Java,5,steep,0.1,10.4,frequency_per_cost,8.0,10.0,LOR;ROR;MRV;SD;DOC;AIS;AA;SM
Java,5,steep,0.1,10.4,cheap_first,10.0,10.0,LOR;ROR;SD;DOC;AIS;AA;SM;AOR;BR;DIS
Java,5,steep,0.1,10.4,exact_cost_aware,3.0,10.0,LOR;MRV;MCR
Java,5,steep,0.1,10.4,random,4.62,10.0,Mean of 1000 random portfolios
Java,5,steep,0.2,20.8,frequency,4.0,20.0,CI;MCR;MRV;LOR
Java,5,steep,0.2,20.8,frequency_per_cost,11.0,20.0,LOR;ROR;MRV;MCR;SD;DOC;AIS;AA;DTR;SM;AOR
Java,5,steep,0.2,20.8,cheap_first,16.0,20.0,LOR;ROR;SD;DOC;AIS;AA;SM;AOR;BR;DIS;BWO;CN;RAR;ElseI;MRV;DTR
Java,5,steep,0.2,20.8,exact_cost_aware,4.0,20.0,LOR;MRV;MCR;CI
Java,5,steep,0.2,20.8,random,7.77,20.0,Mean of 1000 random portfolios
Java,5,steep,0.3,31.2,frequency,6.0,31.0,CI;MCR;MRV;LOR;VA;ROR
Java,5,steep,0.3,31.2,frequency_per_cost,13.0,31.0,LOR;ROR;MRV;MCR;SD;DOC;CI;AIS;AA;DTR;SM;AOR;BR
Java,5,steep,0.3,31.2,cheap_first,19.0,29.0,LOR;ROR;SD;DOC;AIS;AA;SM;AOR;BR;DIS;BWO;CN;RAR;ElseI;MRV;DTR;EII;SR;VR
Java,5,steep,0.3,31.2,exact_cost_aware,11.0,31.0,LOR;ROR;MRV;MCR;SD;DOC;CI;AIS;DTR;SM;SR
Java,5,steep,0.3,31.2,random,11.205,31.0,Mean of 1000 random portfolios
Java,5,steep,0.4,41.6,frequency,11.0,41.0,CI;MCR;MRV;LOR;VA;ROR;MPM;SD;DOC;AIS;AA
Java,5,steep,0.4,41.6,frequency_per_cost,14.0,41.0,LOR;ROR;MRV;MCR;SD;DOC;CI;AIS;AA;VA;DTR;SM;AOR;BR
Java,5,steep,0.4,41.6,cheap_first,23.0,41.0,LOR;ROR;SD;DOC;AIS;AA;SM;AOR;BR;DIS;BWO;CN;RAR;ElseI;MRV;DTR;EII;SR;VR;CFSM;BCO;EI;SI
Java,5,steep,0.4,41.6,exact_cost_aware,14.0,41.0,LOR;ROR;MRV;MCR;SD;DOC;CI;AIS;AA;DTR;SM;EII;SR;MPM
Java,5,steep,0.4,41.6,random,14.25,41.0,Mean of 1000 random portfolios
Java,5,steep,0.5,52.0,frequency,11.0,52.0,CI;MCR;MRV;LOR;VA;ROR;MPM;MOCS;SD;DOC;DTR
Java,5,steep,0.5,52.0,frequency_per_cost,16.0,52.0,LOR;ROR;MRV;MCR;SD;DOC;CI;AIS;AA;VA;DTR;SM;EII;SR;MPM;AOR
Java,5,steep,0.5,52.0,cheap_first,26.0,50.0,LOR;ROR;SD;DOC;AIS;AA;SM;AOR;BR;DIS;BWO;CN;RAR;ElseI;MRV;DTR;EII;SR;VR;CFSM;BCO;EI;SI;FLI;WLI;CASEI
Java,5,steep,0.5,52.0,exact_cost_aware,16.0,52.0,LOR;ROR;MRV;MCR;SD;DOC;CI;AIS;AA;VA;DTR;SM;SR;MPM;CFSM;AOR
Java,5,steep,0.5,52.0,random,17.707,51.991,Mean of 1000 random portfolios
JavaScript,1,linear,0.1,6.2,frequency,2.0,6.0,CI;MRV
JavaScript,1,linear,0.1,6.2,frequency_per_cost,3.0,6.0,MRV;SM;MCR
JavaScript,1,linear,0.1,6.2,cheap_first,6.0,6.0,SM;SD;AIS;CN;LOR;RAR
JavaScript,1,linear,0.1,6.2,exact_cost_aware,3.0,6.0,MRV;SM;MPM
JavaScript,1,linear,0.1,6.2,random,3.66,6.0,Mean of 1000 random portfolios
JavaScript,1,linear,0.2,12.4,frequency,4.0,12.0,CI;VA;MCR;SM
JavaScript,1,linear,0.2,12.4,frequency_per_cost,6.0,12.0,MRV;SM;MCR;CI;SD;AIS
JavaScript,1,linear,0.2,12.4,cheap_first,12.0,12.0,SM;SD;AIS;CN;LOR;RAR;ROR;AA;AOR;BR;BWO;DIS
JavaScript,1,linear,0.2,12.4,exact_cost_aware,6.0,12.0,MRV;SM;MCR;CI;SD;CN
JavaScript,1,linear,0.2,12.4,random,6.802,12.0,Mean of 1000 random portfolios
JavaScript,1,linear,0.3,18.6,frequency,7.0,18.0,CI;VA;MCR;MRV;MPM;SM;SD
JavaScript,1,linear,0.3,18.6,frequency_per_cost,7.0,18.0,MRV;SM;MCR;CI;VA;SD;MPM
JavaScript,1,linear,0.3,18.6,cheap_first,16.0,18.0,SM;SD;AIS;CN;LOR;RAR;ROR;AA;AOR;BR;BWO;DIS;DOC;ElseI;MRV;SI
JavaScript,1,linear,0.3,18.6,exact_cost_aware,7.0,18.0,MRV;SM;MCR;CI;VA;SD;MPM
JavaScript,1,linear,0.3,18.6,random,10.024,18.0,Mean of 1000 random portfolios
JavaScript,1,linear,0.4,24.8,frequency,13.0,24.0,CI;VA;MCR;MRV;MPM;SM;SD;AIS;CN;LOR;RAR;ROR;AA
JavaScript,1,linear,0.4,24.8,frequency_per_cost,13.0,24.0,MRV;SM;MCR;CI;VA;SD;MPM;AIS;CN;LOR;RAR;ROR;AA
JavaScript,1,linear,0.4,24.8,cheap_first,19.0,24.0,SM;SD;AIS;CN;LOR;RAR;ROR;AA;AOR;BR;BWO;DIS;DOC;ElseI;MRV;SI;BCO;CASEI;CFSM
JavaScript,1,linear,0.4,24.8,exact_cost_aware,12.0,24.0,MRV;SM;MCR;CI;VA;SD;MPM;AIS;LOR;RAR;ROR;SI
JavaScript,1,linear,0.4,24.8,random,13.187,24.0,Mean of 1000 random portfolios
JavaScript,1,linear,0.5,31.0,frequency,16.0,31.0,CI;VA;MCR;MRV;MPM;SM;SD;AIS;CN;LOR;MOCS;RAR;ROR;SI;AA;AOR
JavaScript,1,linear,0.5,31.0,frequency_per_cost,16.0,31.0,MRV;SM;MCR;CI;VA;SD;MPM;AIS;CN;LOR;RAR;ROR;SI;MOCS;AA;AOR
JavaScript,1,linear,0.5,31.0,cheap_first,22.0,30.0,SM;SD;AIS;CN;LOR;RAR;ROR;AA;AOR;BR;BWO;DIS;DOC;ElseI;MRV;SI;BCO;CASEI;CFSM;DTR;EI;EII
JavaScript,1,linear,0.5,31.0,exact_cost_aware,14.0,29.0,MRV;SM;MCR;CI;VA;SD;MPM;AIS;CN;LOR;RAR;ROR;SI;MOCS
JavaScript,1,linear,0.5,31.0,random,16.866,31.0,Mean of 1000 random portfolios
JavaScript,1,exponential,0.1,7.8,frequency,3.0,7.0,MCR;MRV;SM
JavaScript,1,exponential,0.1,7.8,frequency_per_cost,6.0,7.0,MRV;SM;SD;AIS;CN;LOR
JavaScript,1,exponential,0.1,7.8,cheap_first,7.0,7.0,SM;SD;AIS;CN;LOR;RAR;ROR
JavaScript,1,exponential,0.1,7.8,exact_cost_aware,6.0,7.0,MRV;SM;SD;CN;LOR;ROR
JavaScript,1,exponential,0.1,7.8,random,4.344,7.0,Mean of 1000 random portfolios
JavaScript,1,exponential,0.2,15.6,frequency,4.0,15.0,CI;MCR;MRV;SM
JavaScript,1,exponential,0.2,15.6,frequency_per_cost,8.0,15.0,MRV;SM;SD;MCR;MPM;AIS;CN;LOR
JavaScript,1,exponential,0.2,15.6,cheap_first,14.0,14.0,SM;SD;AIS;CN;LOR;RAR;ROR;AA;AOR;BR;BWO;DIS;DOC;ElseI
JavaScript,1,exponential,0.2,15.6,exact_cost_aware,8.0,15.0,MRV;SM;SD;MCR;MPM;AIS;CN;LOR
JavaScript,1,exponential,0.2,15.6,random,7.529,15.0,Mean of 1000 random portfolios
JavaScript,1,exponential,0.3,23.4,frequency,5.0,23.0,CI;VA;MCR;MRV;SM
JavaScript,1,exponential,0.3,23.4,frequency_per_cost,9.0,23.0,MRV;SM;SD;MCR;MPM;CI;AIS;CN;LOR
JavaScript,1,exponential,0.3,23.4,cheap_first,18.0,22.0,SM;SD;AIS;CN;LOR;RAR;ROR;AA;AOR;BR;BWO;DIS;DOC;ElseI;MRV;SI;BCO;CASEI
JavaScript,1,exponential,0.3,23.4,exact_cost_aware,9.0,23.0,MRV;SM;SD;MCR;MPM;CI;AIS;CN;RAR
JavaScript,1,exponential,0.3,23.4,random,10.725,23.0,Mean of 1000 random portfolios
JavaScript,1,exponential,0.4,31.2,frequency,10.0,31.0,CI;VA;MCR;MRV;MPM;SM;SD;AIS;CN;LOR
JavaScript,1,exponential,0.4,31.2,frequency_per_cost,10.0,31.0,MRV;SM;SD;MCR;MPM;CI;VA;AIS;CN;LOR
JavaScript,1,exponential,0.4,31.2,cheap_first,22.0,30.0,SM;SD;AIS;CN;LOR;RAR;ROR;AA;AOR;BR;BWO;DIS;DOC;ElseI;MRV;SI;BCO;CASEI;CFSM;DTR;EI;EII
JavaScript,1,exponential,0.4,31.2,exact_cost_aware,10.0,31.0,MRV;SM;SD;MCR;MPM;CI;VA;AIS;RAR;ROR
JavaScript,1,exponential,0.4,31.2,random,14.08,31.0,Mean of 1000 random portfolios
JavaScript,1,exponential,0.5,39.0,frequency,11.0,39.0,CI;VA;MCR;MRV;MPM;SM;SD;AIS;CN;LOR;MOCS
JavaScript,1,exponential,0.5,39.0,frequency_per_cost,17.0,39.0,MRV;SM;SD;MCR;MPM;CI;VA;AIS;CN;LOR;RAR;ROR;SI;AA;AOR;BR;BWO
JavaScript,1,exponential,0.5,39.0,cheap_first,26.0,38.0,SM;SD;AIS;CN;LOR;RAR;ROR;AA;AOR;BR;BWO;DIS;DOC;ElseI;MRV;SI;BCO;CASEI;CFSM;DTR;EI;EII;FLI;SR;VR;WLI
JavaScript,1,exponential,0.5,39.0,exact_cost_aware,13.0,35.0,MRV;SM;SD;MCR;MPM;CI;VA;AIS;CN;LOR;RAR;ROR;SI
JavaScript,1,exponential,0.5,39.0,random,17.335,38.998,Mean of 1000 random portfolios
JavaScript,1,steep,0.1,10.4,frequency,1.0,10.0,CI
JavaScript,1,steep,0.1,10.4,frequency_per_cost,8.0,10.0,SM;MRV;SD;AIS;CN;LOR;RAR;ROR
JavaScript,1,steep,0.1,10.4,cheap_first,10.0,10.0,SM;SD;AIS;CN;LOR;RAR;ROR;AA;AOR;BR
JavaScript,1,steep,0.1,10.4,exact_cost_aware,8.0,10.0,SM;MRV;SD;AIS;CN;LOR;RAR;ROR
JavaScript,1,steep,0.1,10.4,random,4.634,10.0,Mean of 1000 random portfolios
JavaScript,1,steep,0.2,20.8,frequency,2.0,20.0,CI;VA
JavaScript,1,steep,0.2,20.8,frequency_per_cost,11.0,20.0,SM;MRV;SD;MCR;AIS;CN;LOR;RAR;ROR;SI;AA
JavaScript,1,steep,0.2,20.8,cheap_first,16.0,20.0,SM;SD;AIS;CN;LOR;RAR;ROR;AA;AOR;BR;BWO;DIS;DOC;ElseI;MRV;SI
JavaScript,1,steep,0.2,20.8,exact_cost_aware,8.0,20.0,SM;MRV;SD;MCR;CN;LOR;ROR;MPM
JavaScript,1,steep,0.2,20.8,random,7.889,20.0,Mean of 1000 random portfolios
JavaScript,1,steep,0.3,31.2,frequency,6.0,31.0,CI;VA;MCR;MRV;SM;SD
JavaScript,1,steep,0.3,31.2,frequency_per_cost,13.0,31.0,SM;MRV;SD;MCR;AIS;CN;LOR;RAR;ROR;CI;SI;AA;AOR
JavaScript,1,steep,0.3,31.2,cheap_first,19.0,29.0,SM;SD;AIS;CN;LOR;RAR;ROR;AA;AOR;BR;BWO;DIS;DOC;ElseI;MRV;SI;BCO;CASEI;CFSM
JavaScript,1,steep,0.3,31.2,exact_cost_aware,10.0,31.0,SM;MRV;SD;MCR;AIS;CN;RAR;ROR;CI;MPM
JavaScript,1,steep,0.3,31.2,random,11.299,31.0,Mean of 1000 random portfolios
JavaScript,1,steep,0.4,41.6,frequency,11.0,41.0,CI;VA;MCR;MRV;MPM;SM;SD;AIS;CN;LOR;RAR
JavaScript,1,steep,0.4,41.6,frequency_per_cost,18.0,41.0,SM;MRV;SD;MCR;AIS;CN;LOR;RAR;ROR;CI;MPM;SI;AA;AOR;BR;BWO;DIS;DOC
JavaScript,1,steep,0.4,41.6,cheap_first,23.0,41.0,SM;SD;AIS;CN;LOR;RAR;ROR;AA;AOR;BR;BWO;DIS;DOC;ElseI;MRV;SI;BCO;CASEI;CFSM;DTR;EI;EII;FLI
JavaScript,1,steep,0.4,41.6,exact_cost_aware,11.0,41.0,SM;MRV;SD;MCR;AIS;CN;LOR;ROR;CI;MPM;VA
JavaScript,1,steep,0.4,41.6,random,14.201,41.0,Mean of 1000 random portfolios
JavaScript,1,steep,0.5,52.0,frequency,13.0,52.0,CI;VA;MCR;MRV;MPM;SM;SD;AIS;CN;LOR;MOCS;RAR;ROR
JavaScript,1,steep,0.5,52.0,frequency_per_cost,20.0,52.0,SM;MRV;SD;MCR;AIS;CN;LOR;RAR;ROR;CI;MPM;VA;SI;AA;AOR;BR;BWO;DIS;DOC;ElseI
JavaScript,1,steep,0.5,52.0,cheap_first,26.0,50.0,SM;SD;AIS;CN;LOR;RAR;ROR;AA;AOR;BR;BWO;DIS;DOC;ElseI;MRV;SI;BCO;CASEI;CFSM;DTR;EI;EII;FLI;SR;VR;WLI
JavaScript,1,steep,0.5,52.0,exact_cost_aware,13.0,45.0,SM;MRV;SD;MCR;AIS;CN;LOR;RAR;ROR;CI;MPM;VA;SI
JavaScript,1,steep,0.5,52.0,random,17.559,51.997,Mean of 1000 random portfolios
JavaScript,2,linear,0.1,6.2,frequency,3.0,6.0,MCR;MRV;LOR
JavaScript,2,linear,0.1,6.2,frequency_per_cost,3.0,6.0,MRV;LOR;MCR
JavaScript,2,linear,0.1,6.2,cheap_first,6.0,6.0,LOR;SD;AOR;BWO;SM;ElseI
JavaScript,2,linear,0.1,6.2,exact_cost_aware,3.0,6.0,MRV;LOR;MCR
JavaScript,2,linear,0.1,6.2,random,3.687,6.0,Mean of 1000 random portfolios
JavaScript,2,linear,0.2,12.4,frequency,5.0,12.0,MCR;CI;MRV;SI;LOR
JavaScript,2,linear,0.2,12.4,frequency_per_cost,5.0,12.0,MRV;LOR;MCR;SI;CI
JavaScript,2,linear,0.2,12.4,cheap_first,12.0,12.0,LOR;SD;AOR;BWO;SM;ElseI;RAR;AA;AIS;CN;DOC;BR
JavaScript,2,linear,0.2,12.4,exact_cost_aware,5.0,12.0,MRV;LOR;MCR;SI;MOCS
JavaScript,2,linear,0.2,12.4,random,6.792,12.0,Mean of 1000 random portfolios
JavaScript,2,linear,0.3,18.6,frequency,8.0,18.0,MCR;CI;MRV;MOCS;SI;LOR;SD;AOR
JavaScript,2,linear,0.3,18.6,frequency_per_cost,8.0,18.0,MRV;LOR;MCR;SI;CI;SD;MOCS;AOR
JavaScript,2,linear,0.3,18.6,cheap_first,16.0,18.0,LOR;SD;AOR;BWO;SM;ElseI;RAR;AA;AIS;CN;DOC;BR;DIS;ROR;MRV;SI
JavaScript,2,linear,0.3,18.6,exact_cost_aware,8.0,18.0,MRV;LOR;MCR;SI;CI;SD;MOCS;AOR
JavaScript,2,linear,0.3,18.6,random,9.963,18.0,Mean of 1000 random portfolios
JavaScript,2,linear,0.4,24.8,frequency,9.0,24.0,MCR;CI;MRV;MOCS;SI;LOR;VA;MPM;SD
JavaScript,2,linear,0.4,24.8,frequency_per_cost,12.0,24.0,MRV;LOR;MCR;SI;CI;SD;MOCS;AOR;BWO;SM;MPM;ElseI
JavaScript,2,linear,0.4,24.8,cheap_first,19.0,24.0,LOR;SD;AOR;BWO;SM;ElseI;RAR;AA;AIS;CN;DOC;BR;DIS;ROR;MRV;SI;CASEI;FLI;VR
JavaScript,2,linear,0.4,24.8,exact_cost_aware,12.0,24.0,MRV;LOR;MCR;SI;CI;SD;MOCS;AOR;BWO;SM;MPM;RAR
JavaScript,2,linear,0.4,24.8,random,13.145,24.0,Mean of 1000 random portfolios
JavaScript,2,linear,0.5,31.0,frequency,14.0,31.0,MCR;CI;MRV;MOCS;SI;LOR;VA;MPM;CR;SD;AOR;BWO;SM;ElseI
JavaScript,2,linear,0.5,31.0,frequency_per_cost,14.0,31.0,MRV;LOR;MCR;SI;CI;SD;MOCS;AOR;BWO;SM;MPM;VA;CR;ElseI
JavaScript,2,linear,0.5,31.0,cheap_first,22.0,30.0,LOR;SD;AOR;BWO;SM;ElseI;RAR;AA;AIS;CN;DOC;BR;DIS;ROR;MRV;SI;CASEI;FLI;VR;BCO;CFSM;DTR
JavaScript,2,linear,0.5,31.0,exact_cost_aware,14.0,31.0,MRV;LOR;MCR;SI;CI;SD;MOCS;AOR;BWO;SM;MPM;VA;CR;ElseI
JavaScript,2,linear,0.5,31.0,random,16.85,31.0,Mean of 1000 random portfolios
JavaScript,2,exponential,0.1,7.8,frequency,3.0,7.0,MCR;MRV;LOR
JavaScript,2,exponential,0.1,7.8,frequency_per_cost,5.0,7.0,MRV;LOR;SI;SD;AOR
JavaScript,2,exponential,0.1,7.8,cheap_first,7.0,7.0,LOR;SD;AOR;BWO;SM;ElseI;RAR
JavaScript,2,exponential,0.1,7.8,exact_cost_aware,6.0,7.0,MRV;LOR;SD;AOR;BWO;SM
JavaScript,2,exponential,0.1,7.8,random,4.395,7.0,Mean of 1000 random portfolios
JavaScript,2,exponential,0.2,15.6,frequency,4.0,15.0,MCR;CI;MRV;LOR
JavaScript,2,exponential,0.2,15.6,frequency_per_cost,10.0,15.0,MRV;LOR;SI;MCR;SD;AOR;BWO;SM;ElseI;RAR
JavaScript,2,exponential,0.2,15.6,cheap_first,14.0,14.0,LOR;SD;AOR;BWO;SM;ElseI;RAR;AA;AIS;CN;DOC;BR;DIS;ROR
JavaScript,2,exponential,0.2,15.6,exact_cost_aware,10.0,15.0,MRV;LOR;SI;MCR;SD;AOR;BWO;SM;ElseI;RAR
JavaScript,2,exponential,0.2,15.6,random,7.531,15.0,Mean of 1000 random portfolios
JavaScript,2,exponential,0.3,23.4,frequency,5.0,23.0,MCR;CI;MRV;MOCS;LOR
JavaScript,2,exponential,0.3,23.4,frequency_per_cost,11.0,23.0,MRV;LOR;SI;MCR;SD;AOR;CI;BWO;SM;ElseI;RAR
JavaScript,2,exponential,0.3,23.4,cheap_first,18.0,22.0,LOR;SD;AOR;BWO;SM;ElseI;RAR;AA;AIS;CN;DOC;BR;DIS;ROR;MRV;SI;CASEI;FLI
JavaScript,2,exponential,0.3,23.4,exact_cost_aware,11.0,23.0,MRV;LOR;SI;MCR;SD;AOR;BWO;SM;MOCS;ElseI;RAR
JavaScript,2,exponential,0.3,23.4,random,10.772,23.0,Mean of 1000 random portfolios
JavaScript,2,exponential,0.4,31.2,frequency,9.0,31.0,MCR;CI;MRV;MOCS;SI;LOR;MPM;SD;AOR
JavaScript,2,exponential,0.4,31.2,frequency_per_cost,12.0,31.0,MRV;LOR;SI;MCR;SD;AOR;CI;BWO;SM;MOCS;ElseI;RAR
JavaScript,2,exponential,0.4,31.2,cheap_first,22.0,30.0,LOR;SD;AOR;BWO;SM;ElseI;RAR;AA;AIS;CN;DOC;BR;DIS;ROR;MRV;SI;CASEI;FLI;VR;BCO;CFSM;DTR
JavaScript,2,exponential,0.4,31.2,exact_cost_aware,12.0,31.0,MRV;LOR;SI;MCR;SD;AOR;CI;BWO;SM;MOCS;ElseI;RAR
JavaScript,2,exponential,0.4,31.2,random,14.108,31.0,Mean of 1000 random portfolios
JavaScript,2,exponential,0.5,39.0,frequency,10.0,39.0,MCR;CI;MRV;MOCS;SI;LOR;VA;MPM;SD;AOR
JavaScript,2,exponential,0.5,39.0,frequency_per_cost,14.0,39.0,MRV;LOR;SI;MCR;SD;AOR;CI;BWO;SM;MOCS;MPM;ElseI;RAR;CR
JavaScript,2,exponential,0.5,39.0,cheap_first,26.0,38.0,LOR;SD;AOR;BWO;SM;ElseI;RAR;AA;AIS;CN;DOC;BR;DIS;ROR;MRV;SI;CASEI;FLI;VR;BCO;CFSM;DTR;EI;EII;SR;WLI
JavaScript,2,exponential,0.5,39.0,exact_cost_aware,14.0,39.0,MRV;LOR;SI;MCR;SD;AOR;CI;BWO;SM;MOCS;MPM;ElseI;RAR;CR
JavaScript,2,exponential,0.5,39.0,random,17.336,39.0,Mean of 1000 random portfolios
JavaScript,2,steep,0.1,10.4,frequency,3.0,10.0,MCR;MRV;LOR
JavaScript,2,steep,0.1,10.4,frequency_per_cost,6.0,10.0,LOR;MRV;SD;SI;AOR;BWO
JavaScript,2,steep,0.1,10.4,cheap_first,10.0,10.0,LOR;SD;AOR;BWO;SM;ElseI;RAR;AA;AIS;CN
JavaScript,2,steep,0.1,10.4,exact_cost_aware,8.0,10.0,LOR;MRV;SD;AOR;BWO;SM;ElseI;RAR
JavaScript,2,steep,0.1,10.4,random,4.641,10.0,Mean of 1000 random portfolios
JavaScript,2,steep,0.2,20.8,frequency,4.0,20.0,MCR;CI;MRV;LOR
JavaScript,2,steep,0.2,20.8,frequency_per_cost,11.0,20.0,LOR;MRV;SD;SI;MCR;AOR;BWO;SM;ElseI;RAR;AA
JavaScript,2,steep,0.2,20.8,cheap_first,16.0,20.0,LOR;SD;AOR;BWO;SM;ElseI;RAR;AA;AIS;CN;DOC;BR;DIS;ROR;MRV;SI
JavaScript,2,steep,0.2,20.8,exact_cost_aware,11.0,20.0,LOR;MRV;SD;SI;MCR;AOR;BWO;SM;ElseI;RAR;CN
JavaScript,2,steep,0.2,20.8,random,7.85,20.0,Mean of 1000 random portfolios
JavaScript,2,steep,0.3,31.2,frequency,6.0,31.0,MCR;CI;MRV;MOCS;LOR;SD
JavaScript,2,steep,0.3,31.2,frequency_per_cost,13.0,31.0,LOR;MRV;SD;SI;MCR;AOR;BWO;SM;CI;ElseI;RAR;AA;AIS
JavaScript,2,steep,0.3,31.2,cheap_first,19.0,29.0,LOR;SD;AOR;BWO;SM;ElseI;RAR;AA;AIS;CN;DOC;BR;DIS;ROR;MRV;SI;CASEI;FLI;VR
JavaScript,2,steep,0.3,31.2,exact_cost_aware,13.0,31.0,LOR;MRV;SD;SI;MCR;AOR;BWO;SM;MOCS;ElseI;RAR;AA;CN
JavaScript,2,steep,0.3,31.2,random,11.191,31.0,Mean of 1000 random portfolios
JavaScript,2,steep,0.4,41.6,frequency,9.0,41.0,MCR;CI;MRV;MOCS;SI;LOR;MPM;SD;AOR
JavaScript,2,steep,0.4,41.6,frequency_per_cost,14.0,41.0,LOR;MRV;SD;SI;MCR;AOR;BWO;SM;CI;MOCS;ElseI;RAR;AA;AIS
JavaScript,2,steep,0.4,41.6,cheap_first,23.0,41.0,LOR;SD;AOR;BWO;SM;ElseI;RAR;AA;AIS;CN;DOC;BR;DIS;ROR;MRV;SI;CASEI;FLI;VR;BCO;CFSM;DTR;EI
JavaScript,2,steep,0.4,41.6,exact_cost_aware,14.0,41.0,LOR;MRV;SD;SI;MCR;AOR;BWO;SM;CI;MOCS;ElseI;RAR;AA;DOC
JavaScript,2,steep,0.4,41.6,random,14.314,41.0,Mean of 1000 random portfolios
JavaScript,2,steep,0.5,52.0,frequency,11.0,52.0,MCR;CI;MRV;MOCS;SI;LOR;VA;MPM;SD;AOR;BWO
JavaScript,2,steep,0.5,52.0,frequency_per_cost,15.0,52.0,LOR;MRV;SD;SI;MCR;AOR;BWO;SM;CI;MOCS;ElseI;RAR;MPM;CR;AA
JavaScript,2,steep,0.5,52.0,cheap_first,26.0,50.0,LOR;SD;AOR;BWO;SM;ElseI;RAR;AA;AIS;CN;DOC;BR;DIS;ROR;MRV;SI;CASEI;FLI;VR;BCO;CFSM;DTR;EI;EII;SR;WLI
JavaScript,2,steep,0.5,52.0,exact_cost_aware,15.0,52.0,LOR;MRV;SD;SI;MCR;AOR;BWO;SM;CI;MOCS;ElseI;RAR;MPM;CR;CN
JavaScript,2,steep,0.5,52.0,random,17.533,51.997,Mean of 1000 random portfolios
JavaScript,3,linear,0.1,6.2,frequency,2.0,6.0,CI;MRV
JavaScript,3,linear,0.1,6.2,frequency_per_cost,3.0,6.0,LOR;MRV;MCR
JavaScript,3,linear,0.1,6.2,cheap_first,6.0,6.0,LOR;SD;AOR;BWO;RAR;CN
JavaScript,3,linear,0.1,6.2,exact_cost_aware,4.0,6.0,LOR;MCR;SD;AOR
JavaScript,3,linear,0.1,6.2,random,3.659,6.0,Mean of 1000 random portfolios
JavaScript,3,linear,0.2,12.4,frequency,5.0,12.0,CI;MCR;MRV;LOR;SI
JavaScript,3,linear,0.2,12.4,frequency_per_cost,5.0,12.0,LOR;MRV;MCR;CI;SI
JavaScript,3,linear,0.2,12.4,cheap_first,12.0,12.0,LOR;SD;AOR;BWO;RAR;CN;ElseI;AA;DOC;ROR;SM;AIS
JavaScript,3,linear,0.2,12.4,exact_cost_aware,6.0,12.0,LOR;MRV;MCR;CI;SD;AOR
JavaScript,3,linear,0.2,12.4,random,6.763,12.0,Mean of 1000 random portfolios
JavaScript,3,linear,0.3,18.6,frequency,8.0,18.0,CI;MCR;MRV;MOCS;LOR;SI;SD;AOR
JavaScript,3,linear,0.3,18.6,frequency_per_cost,8.0,18.0,LOR;MRV;MCR;CI;SI;SD;MOCS;AOR
JavaScript,3,linear,0.3,18.6,cheap_first,16.0,18.0,LOR;SD;AOR;BWO;RAR;CN;ElseI;AA;DOC;ROR;SM;AIS;BR;DIS;MRV;SI
JavaScript,3,linear,0.3,18.6,exact_cost_aware,8.0,18.0,LOR;MRV;MCR;CI;SI;SD;MOCS;AOR
JavaScript,3,linear,0.3,18.6,random,9.869,18.0,Mean of 1000 random portfolios
JavaScript,3,linear,0.4,24.8,frequency,9.0,24.0,CI;MCR;MRV;MOCS;LOR;SI;MPM;VA;SD
JavaScript,3,linear,0.4,24.8,frequency_per_cost,12.0,24.0,LOR;MRV;MCR;CI;SI;SD;MOCS;AOR;MPM;BWO;RAR;CN
JavaScript,3,linear,0.4,24.8,cheap_first,19.0,24.0,LOR;SD;AOR;BWO;RAR;CN;ElseI;AA;DOC;ROR;SM;AIS;BR;DIS;MRV;SI;CASEI;FLI;VR
JavaScript,3,linear,0.4,24.8,exact_cost_aware,12.0,24.0,LOR;MRV;MCR;CI;SI;SD;MOCS;AOR;MPM;BWO;RAR;CN
JavaScript,3,linear,0.4,24.8,random,13.098,24.0,Mean of 1000 random portfolios
JavaScript,3,linear,0.5,31.0,frequency,14.0,31.0,CI;MCR;MRV;MOCS;LOR;SI;MPM;VA;CR;SD;AOR;BWO;RAR;CN
JavaScript,3,linear,0.5,31.0,frequency_per_cost,14.0,31.0,LOR;MRV;MCR;CI;SI;SD;MOCS;AOR;MPM;BWO;RAR;VA;CR;CN
JavaScript,3,linear,0.5,31.0,cheap_first,22.0,30.0,LOR;SD;AOR;BWO;RAR;CN;ElseI;AA;DOC;ROR;SM;AIS;BR;DIS;MRV;SI;CASEI;FLI;VR;BCO;CFSM;DTR
JavaScript,3,linear,0.5,31.0,exact_cost_aware,14.0,31.0,LOR;MRV;MCR;CI;SI;SD;MOCS;AOR;MPM;BWO;RAR;VA;CR;CN
JavaScript,3,linear,0.5,31.0,random,16.885,31.0,Mean of 1000 random portfolios
JavaScript,3,exponential,0.1,7.8,frequency,3.0,7.0,MCR;MRV;LOR
JavaScript,3,exponential,0.1,7.8,frequency_per_cost,3.0,7.0,LOR;MRV;MCR
JavaScript,3,exponential,0.1,7.8,cheap_first,7.0,7.0,LOR;SD;AOR;BWO;RAR;CN;ElseI
JavaScript,3,exponential,0.1,7.8,exact_cost_aware,6.0,7.0,LOR;MRV;SD;AOR;BWO;RAR
JavaScript,3,exponential,0.1,7.8,random,4.337,7.0,Mean of 1000 random portfolios
JavaScript,3,exponential,0.2,15.6,frequency,4.0,15.0,CI;MCR;MRV;LOR
JavaScript,3,exponential,0.2,15.6,frequency_per_cost,10.0,15.0,LOR;MRV;MCR;SI;SD;AOR;BWO;RAR;CN;ElseI
JavaScript,3,exponential,0.2,15.6,cheap_first,14.0,14.0,LOR;SD;AOR;BWO;RAR;CN;ElseI;AA;DOC;ROR;SM;AIS;BR;DIS
JavaScript,3,exponential,0.2,15.6,exact_cost_aware,8.0,15.0,LOR;MRV;MCR;SD;AOR;BWO;RAR;MPM
JavaScript,3,exponential,0.2,15.6,random,7.489,15.0,Mean of 1000 random portfolios
JavaScript,3,exponential,0.3,23.4,frequency,5.0,23.0,CI;MCR;MRV;MOCS;LOR
JavaScript,3,exponential,0.3,23.4,frequency_per_cost,11.0,23.0,LOR;MRV;MCR;SI;SD;AOR;CI;BWO;RAR;CN;ElseI
JavaScript,3,exponential,0.3,23.4,cheap_first,18.0,22.0,LOR;SD;AOR;BWO;RAR;CN;ElseI;AA;DOC;ROR;SM;AIS;BR;DIS;MRV;SI;CASEI;FLI
JavaScript,3,exponential,0.3,23.4,exact_cost_aware,11.0,23.0,LOR;MRV;MCR;SI;SD;AOR;CI;BWO;RAR;CN;ElseI
JavaScript,3,exponential,0.3,23.4,random,10.665,23.0,Mean of 1000 random portfolios
JavaScript,3,exponential,0.4,31.2,frequency,9.0,31.0,CI;MCR;MRV;MOCS;LOR;SI;MPM;SD;AOR
JavaScript,3,exponential,0.4,31.2,frequency_per_cost,12.0,31.0,LOR;MRV;MCR;SI;SD;AOR;CI;BWO;RAR;MOCS;CN;ElseI
JavaScript,3,exponential,0.4,31.2,cheap_first,22.0,30.0,LOR;SD;AOR;BWO;RAR;CN;ElseI;AA;DOC;ROR;SM;AIS;BR;DIS;MRV;SI;CASEI;FLI;VR;BCO;CFSM;DTR
JavaScript,3,exponential,0.4,31.2,exact_cost_aware,12.0,31.0,LOR;MRV;MCR;SI;SD;AOR;CI;BWO;RAR;MOCS;CN;ElseI
JavaScript,3,exponential,0.4,31.2,random,14.071,30.999,Mean of 1000 random portfolios
JavaScript,3,exponential,0.5,39.0,frequency,10.0,39.0,CI;MCR;MRV;MOCS;LOR;SI;MPM;VA;SD;AOR
JavaScript,3,exponential,0.5,39.0,frequency_per_cost,14.0,39.0,LOR;MRV;MCR;SI;SD;AOR;CI;BWO;RAR;MOCS;MPM;CN;ElseI;CR
JavaScript,3,exponential,0.5,39.0,cheap_first,26.0,38.0,LOR;SD;AOR;BWO;RAR;CN;ElseI;AA;DOC;ROR;SM;AIS;BR;DIS;MRV;SI;CASEI;FLI;VR;BCO;CFSM;DTR;EI;EII;SR;WLI
JavaScript,3,exponential,0.5,39.0,exact_cost_aware,14.0,39.0,LOR;MRV;MCR;SI;SD;AOR;CI;BWO;RAR;MOCS;MPM;CN;ElseI;CR
JavaScript,3,exponential,0.5,39.0,random,17.371,39.0,Mean of 1000 random portfolios
JavaScript,3,steep,0.1,10.4,frequency,1.0,10.0,CI
JavaScript,3,steep,0.1,10.4,frequency_per_cost,6.0,10.0,LOR;MRV;SD;SI;AOR;BWO
JavaScript,3,steep,0.1,10.4,cheap_first,10.0,10.0,LOR;SD;AOR;BWO;RAR;CN;ElseI;AA;DOC;ROR
JavaScript,3,steep,0.1,10.4,exact_cost_aware,8.0,10.0,LOR;MRV;SD;AOR;BWO;RAR;CN;ElseI
JavaScript,3,steep,0.1,10.4,random,4.548,10.0,Mean of 1000 random portfolios
JavaScript,3,steep,0.2,20.8,frequency,4.0,20.0,CI;MCR;MRV;LOR
JavaScript,3,steep,0.2,20.8,frequency_per_cost,11.0,20.0,LOR;MRV;SD;MCR;SI;AOR;BWO;RAR;CN;ElseI;AA
JavaScript,3,steep,0.2,20.8,cheap_first,16.0,20.0,LOR;SD;AOR;BWO;RAR;CN;ElseI;AA;DOC;ROR;SM;AIS;BR;DIS;MRV;SI
JavaScript,3,steep,0.2,20.8,exact_cost_aware,11.0,20.0,LOR;MRV;SD;MCR;SI;AOR;BWO;RAR;CN;ElseI;DOC
JavaScript,3,steep,0.2,20.8,random,7.754,20.0,Mean of 1000 random portfolios
JavaScript,3,steep,0.3,31.2,frequency,6.0,31.0,CI;MCR;MRV;MOCS;LOR;SD
JavaScript,3,steep,0.3,31.2,frequency_per_cost,13.0,31.0,LOR;MRV;SD;MCR;SI;AOR;BWO;RAR;CI;CN;ElseI;AA;DOC
JavaScript,3,steep,0.3,31.2,cheap_first,19.0,29.0,LOR;SD;AOR;BWO;RAR;CN;ElseI;AA;DOC;ROR;SM;AIS;BR;DIS;MRV;SI;CASEI;FLI;VR
JavaScript,3,steep,0.3,31.2,exact_cost_aware,13.0,31.0,LOR;MRV;SD;MCR;SI;AOR;BWO;RAR;CI;CN;ElseI;DOC;SM
JavaScript,3,steep,0.3,31.2,random,11.268,31.0,Mean of 1000 random portfolios
JavaScript,3,steep,0.4,41.6,frequency,9.0,41.0,CI;MCR;MRV;MOCS;LOR;SI;MPM;SD;AOR
JavaScript,3,steep,0.4,41.6,frequency_per_cost,14.0,41.0,LOR;MRV;SD;MCR;SI;AOR;BWO;RAR;CI;MOCS;CN;ElseI;AA;DOC
JavaScript,3,steep,0.4,41.6,cheap_first,23.0,41.0,LOR;SD;AOR;BWO;RAR;CN;ElseI;AA;DOC;ROR;SM;AIS;BR;DIS;MRV;SI;CASEI;FLI;VR;BCO;CFSM;DTR;EI
JavaScript,3,steep,0.4,41.6,exact_cost_aware,14.0,41.0,LOR;MRV;SD;MCR;SI;AOR;BWO;RAR;CI;MOCS;CN;ElseI;AA;ROR
JavaScript,3,steep,0.4,41.6,random,14.362,41.0,Mean of 1000 random portfolios
JavaScript,3,steep,0.5,52.0,frequency,11.0,52.0,CI;MCR;MRV;MOCS;LOR;SI;MPM;VA;SD;AOR;BWO
JavaScript,3,steep,0.5,52.0,frequency_per_cost,15.0,52.0,LOR;MRV;SD;MCR;SI;AOR;BWO;RAR;CI;MOCS;CN;ElseI;MPM;CR;AA
JavaScript,3,steep,0.5,52.0,cheap_first,26.0,50.0,LOR;SD;AOR;BWO;RAR;CN;ElseI;AA;DOC;ROR;SM;AIS;BR;DIS;MRV;SI;CASEI;FLI;VR;BCO;CFSM;DTR;EI;EII;SR;WLI
JavaScript,3,steep,0.5,52.0,exact_cost_aware,15.0,52.0,LOR;MRV;SD;MCR;SI;AOR;BWO;RAR;CI;MOCS;CN;ElseI;MPM;CR;DOC
JavaScript,3,steep,0.5,52.0,random,17.599,51.997,Mean of 1000 random portfolios
JavaScript,4,linear,0.1,6.2,frequency,2.0,6.0,CI;MRV
JavaScript,4,linear,0.1,6.2,frequency_per_cost,3.0,6.0,LOR;MRV;MCR
JavaScript,4,linear,0.1,6.2,cheap_first,6.0,6.0,LOR;SD;AOR;BWO;RAR;SM
JavaScript,4,linear,0.1,6.2,exact_cost_aware,4.0,6.0,LOR;MCR;SD;AOR
JavaScript,4,linear,0.1,6.2,random,3.674,6.0,Mean of 1000 random portfolios
JavaScript,4,linear,0.2,12.4,frequency,4.0,12.0,CI;MCR;MOCS;LOR
JavaScript,4,linear,0.2,12.4,frequency_per_cost,5.0,12.0,LOR;MRV;MCR;CI;SI
JavaScript,4,linear,0.2,12.4,cheap_first,12.0,12.0,LOR;SD;AOR;BWO;RAR;SM;CN;ElseI;AA;AIS;DOC;ROR
JavaScript,4,linear,0.2,12.4,exact_cost_aware,5.0,12.0,LOR;MRV;MCR;CI;SI
JavaScript,4,linear,0.2,12.4,random,6.822,12.0,Mean of 1000 random portfolios
JavaScript,4,linear,0.3,18.6,frequency,8.0,18.0,CI;MCR;MOCS;MRV;SI;LOR;SD;AOR
JavaScript,4,linear,0.3,18.6,frequency_per_cost,8.0,18.0,LOR;MRV;MCR;CI;SI;MOCS;SD;AOR
JavaScript,4,linear,0.3,18.6,cheap_first,16.0,18.0,LOR;SD;AOR;BWO;RAR;SM;CN;ElseI;AA;AIS;DOC;ROR;BR;DIS;MRV;SI
JavaScript,4,linear,0.3,18.6,exact_cost_aware,8.0,18.0,LOR;MRV;MCR;CI;SI;MOCS;SD;AOR
JavaScript,4,linear,0.3,18.6,random,9.999,18.0,Mean of 1000 random portfolios
JavaScript,4,linear,0.4,24.8,frequency,9.0,24.0,CI;MCR;MOCS;MRV;SI;LOR;VA;MPM;SD
JavaScript,4,linear,0.4,24.8,frequency_per_cost,12.0,24.0,LOR;MRV;MCR;CI;SI;MOCS;SD;AOR;BWO;RAR;SM;MPM
JavaScript,4,linear,0.4,24.8,cheap_first,19.0,24.0,LOR;SD;AOR;BWO;RAR;SM;CN;ElseI;AA;AIS;DOC;ROR;BR;DIS;MRV;SI;CASEI;FLI;VR
JavaScript,4,linear,0.4,24.8,exact_cost_aware,12.0,24.0,LOR;MRV;MCR;CI;SI;MOCS;SD;AOR;BWO;RAR;SM;MPM
JavaScript,4,linear,0.4,24.8,random,13.061,24.0,Mean of 1000 random portfolios
JavaScript,4,linear,0.5,31.0,frequency,14.0,31.0,CI;MCR;MOCS;MRV;SI;LOR;VA;MPM;CR;SD;AOR;BWO;RAR;SM
JavaScript,4,linear,0.5,31.0,frequency_per_cost,14.0,31.0,LOR;MRV;MCR;CI;SI;MOCS;SD;AOR;BWO;RAR;SM;MPM;VA;CR
JavaScript,4,linear,0.5,31.0,cheap_first,22.0,30.0,LOR;SD;AOR;BWO;RAR;SM;CN;ElseI;AA;AIS;DOC;ROR;BR;DIS;MRV;SI;CASEI;FLI;VR;BCO;CFSM;DTR
JavaScript,4,linear,0.5,31.0,exact_cost_aware,14.0,31.0,LOR;MRV;MCR;CI;SI;MOCS;SD;AOR;BWO;RAR;SM;MPM;VA;CR
JavaScript,4,linear,0.5,31.0,random,16.88,31.0,Mean of 1000 random portfolios
JavaScript,4,exponential,0.1,7.8,frequency,3.0,7.0,MCR;MRV;LOR
JavaScript,4,exponential,0.1,7.8,frequency_per_cost,3.0,7.0,LOR;MRV;MCR
JavaScript,4,exponential,0.1,7.8,cheap_first,7.0,7.0,LOR;SD;AOR;BWO;RAR;SM;CN
JavaScript,4,exponential,0.1,7.8,exact_cost_aware,6.0,7.0,LOR;MRV;SD;AOR;BWO;RAR
JavaScript,4,exponential,0.1,7.8,random,4.324,7.0,Mean of 1000 random portfolios
JavaScript,4,exponential,0.2,15.6,frequency,4.0,15.0,CI;MCR;MRV;LOR
JavaScript,4,exponential,0.2,15.6,frequency_per_cost,10.0,15.0,LOR;MRV;MCR;SI;SD;AOR;BWO;RAR;SM;CN
JavaScript,4,exponential,0.2,15.6,cheap_first,14.0,14.0,LOR;SD;AOR;BWO;RAR;SM;CN;ElseI;AA;AIS;DOC;ROR;BR;DIS
JavaScript,4,exponential,0.2,15.6,exact_cost_aware,10.0,15.0,LOR;MRV;MCR;SI;SD;AOR;BWO;RAR;SM;CN
JavaScript,4,exponential,0.2,15.6,random,7.459,15.0,Mean of 1000 random portfolios
JavaScript,4,exponential,0.3,23.4,frequency,5.0,23.0,CI;MCR;MOCS;MRV;LOR
JavaScript,4,exponential,0.3,23.4,frequency_per_cost,11.0,23.0,LOR;MRV;MCR;SI;SD;AOR;CI;BWO;RAR;SM;CN
JavaScript,4,exponential,0.3,23.4,cheap_first,18.0,22.0,LOR;SD;AOR;BWO;RAR;SM;CN;ElseI;AA;AIS;DOC;ROR;BR;DIS;MRV;SI;CASEI;FLI
JavaScript,4,exponential,0.3,23.4,exact_cost_aware,11.0,23.0,LOR;MRV;MCR;SI;SD;AOR;CI;BWO;RAR;SM;CN
JavaScript,4,exponential,0.3,23.4,random,10.733,23.0,Mean of 1000 random portfolios
JavaScript,4,exponential,0.4,31.2,frequency,9.0,31.0,CI;MCR;MOCS;MRV;SI;LOR;MPM;SD;AOR
JavaScript,4,exponential,0.4,31.2,frequency_per_cost,12.0,31.0,LOR;MRV;MCR;SI;SD;AOR;CI;BWO;RAR;SM;MOCS;CN
JavaScript,4,exponential,0.4,31.2,cheap_first,22.0,30.0,LOR;SD;AOR;BWO;RAR;SM;CN;ElseI;AA;AIS;DOC;ROR;BR;DIS;MRV;SI;CASEI;FLI;VR;BCO;CFSM;DTR
JavaScript,4,exponential,0.4,31.2,exact_cost_aware,12.0,31.0,LOR;MRV;MCR;SI;SD;AOR;CI;BWO;RAR;SM;MOCS;CN
JavaScript,4,exponential,0.4,31.2,random,14.078,31.0,Mean of 1000 random portfolios
JavaScript,4,exponential,0.5,39.0,frequency,10.0,39.0,CI;MCR;MOCS;MRV;SI;LOR;VA;MPM;SD;AOR
JavaScript,4,exponential,0.5,39.0,frequency_per_cost,17.0,39.0,LOR;MRV;MCR;SI;SD;AOR;CI;BWO;RAR;SM;MOCS;MPM;CN;ElseI;AA;AIS;DOC
JavaScript,4,exponential,0.5,39.0,cheap_first,26.0,38.0,LOR;SD;AOR;BWO;RAR;SM;CN;ElseI;AA;AIS;DOC;ROR;BR;DIS;MRV;SI;CASEI;FLI;VR;BCO;CFSM;DTR;EI;EII;SR;WLI
JavaScript,4,exponential,0.5,39.0,exact_cost_aware,14.0,39.0,LOR;MRV;MCR;SI;SD;AOR;CI;BWO;RAR;SM;MOCS;MPM;CN;CR
JavaScript,4,exponential,0.5,39.0,random,17.405,39.0,Mean of 1000 random portfolios
JavaScript,4,steep,0.1,10.4,frequency,1.0,10.0,CI
JavaScript,4,steep,0.1,10.4,frequency_per_cost,6.0,10.0,LOR;MRV;SD;SI;AOR;BWO
JavaScript,4,steep,0.1,10.4,cheap_first,10.0,10.0,LOR;SD;AOR;BWO;RAR;SM;CN;ElseI;AA;AIS
JavaScript,4,steep,0.1,10.4,exact_cost_aware,8.0,10.0,LOR;MRV;SD;AOR;BWO;RAR;SM;CN
JavaScript,4,steep,0.1,10.4,random,4.58,10.0,Mean of 1000 random portfolios
JavaScript,4,steep,0.2,20.8,frequency,4.0,20.0,CI;MCR;MRV;LOR
JavaScript,4,steep,0.2,20.8,frequency_per_cost,11.0,20.0,LOR;MRV;SD;MCR;SI;AOR;BWO;RAR;SM;CN;ElseI
JavaScript,4,steep,0.2,20.8,cheap_first,16.0,20.0,LOR;SD;AOR;BWO;RAR;SM;CN;ElseI;AA;AIS;DOC;ROR;BR;DIS;MRV;SI
JavaScript,4,steep,0.2,20.8,exact_cost_aware,11.0,20.0,LOR;MRV;SD;MCR;SI;AOR;BWO;RAR;SM;CN;ElseI
JavaScript,4,steep,0.2,20.8,random,7.87,20.0,Mean of 1000 random portfolios
JavaScript,4,steep,0.3,31.2,frequency,6.0,31.0,CI;MCR;MOCS;MRV;LOR;SD
JavaScript,4,steep,0.3,31.2,frequency_per_cost,13.0,31.0,LOR;MRV;SD;MCR;SI;AOR;BWO;RAR;SM;CI;CN;ElseI;AA
JavaScript,4,steep,0.3,31.2,cheap_first,19.0,29.0,LOR;SD;AOR;BWO;RAR;SM;CN;ElseI;AA;AIS;DOC;ROR;BR;DIS;MRV;SI;CASEI;FLI;VR
JavaScript,4,steep,0.3,31.2,exact_cost_aware,13.0,31.0,LOR;MRV;SD;MCR;SI;AOR;BWO;RAR;SM;CI;CN;ElseI;AIS
JavaScript,4,steep,0.3,31.2,random,11.14,31.0,Mean of 1000 random portfolios
JavaScript,4,steep,0.4,41.6,frequency,9.0,41.0,CI;MCR;MOCS;MRV;SI;LOR;MPM;SD;AOR
JavaScript,4,steep,0.4,41.6,frequency_per_cost,14.0,41.0,LOR;MRV;SD;MCR;SI;AOR;BWO;RAR;SM;CI;MOCS;CN;ElseI;AA
JavaScript,4,steep,0.4,41.6,cheap_first,23.0,41.0,LOR;SD;AOR;BWO;RAR;SM;CN;ElseI;AA;AIS;DOC;ROR;BR;DIS;MRV;SI;CASEI;FLI;VR;BCO;CFSM;DTR;EI
JavaScript,4,steep,0.4,41.6,exact_cost_aware,14.0,41.0,LOR;MRV;SD;MCR;SI;AOR;BWO;RAR;SM;CI;MOCS;CN;ElseI;DOC
JavaScript,4,steep,0.4,41.6,random,14.183,41.0,Mean of 1000 random portfolios
JavaScript,4,steep,0.5,52.0,frequency,11.0,52.0,CI;MCR;MOCS;MRV;SI;LOR;VA;MPM;SD;AOR;BWO
JavaScript,4,steep,0.5,52.0,frequency_per_cost,15.0,52.0,LOR;MRV;SD;MCR;SI;AOR;BWO;RAR;SM;CI;MOCS;CN;ElseI;MPM;CR
JavaScript,4,steep,0.5,52.0,cheap_first,26.0,50.0,LOR;SD;AOR;BWO;RAR;SM;CN;ElseI;AA;AIS;DOC;ROR;BR;DIS;MRV;SI;CASEI;FLI;VR;BCO;CFSM;DTR;EI;EII;SR;WLI
JavaScript,4,steep,0.5,52.0,exact_cost_aware,15.0,52.0,LOR;MRV;SD;MCR;SI;AOR;BWO;RAR;SM;CI;MOCS;CN;ElseI;MPM;CR
JavaScript,4,steep,0.5,52.0,random,17.613,51.991,Mean of 1000 random portfolios
JavaScript,5,linear,0.1,6.2,frequency,2.0,6.0,CI;MRV
JavaScript,5,linear,0.1,6.2,frequency_per_cost,3.0,6.0,MRV;LOR;MCR
JavaScript,5,linear,0.1,6.2,cheap_first,6.0,6.0,LOR;SD;AOR;BWO;RAR;CN
JavaScript,5,linear,0.1,6.2,exact_cost_aware,3.0,6.0,MRV;LOR;MCR
JavaScript,5,linear,0.1,6.2,random,3.668,6.0,Mean of 1000 random portfolios
JavaScript,5,linear,0.2,12.4,frequency,5.0,12.0,CI;MCR;MRV;SI;LOR
JavaScript,5,linear,0.2,12.4,frequency_per_cost,5.0,12.0,MRV;LOR;MCR;CI;SI
JavaScript,5,linear,0.2,12.4,cheap_first,12.0,12.0,LOR;SD;AOR;BWO;RAR;CN;ElseI;SM;AA;AIS;DOC;ROR
JavaScript,5,linear,0.2,12.4,exact_cost_aware,5.0,12.0,MRV;LOR;MCR;CI;SI
JavaScript,5,linear,0.2,12.4,random,6.788,12.0,Mean of 1000 random portfolios
JavaScript,5,linear,0.3,18.6,frequency,8.0,18.0,CI;MCR;MRV;MOCS;SI;LOR;SD;AOR
JavaScript,5,linear,0.3,18.6,frequency_per_cost,8.0,18.0,MRV;LOR;MCR;CI;SI;MOCS;SD;AOR
JavaScript,5,linear,0.3,18.6,cheap_first,16.0,18.0,LOR;SD;AOR;BWO;RAR;CN;ElseI;SM;AA;AIS;DOC;ROR;BR;DIS;MRV;SI
JavaScript,5,linear,0.3,18.6,exact_cost_aware,8.0,18.0,MRV;LOR;MCR;CI;SI;MOCS;SD;AOR
JavaScript,5,linear,0.3,18.6,random,9.911,18.0,Mean of 1000 random portfolios
JavaScript,5,linear,0.4,24.8,frequency,9.0,24.0,CI;MCR;MRV;MOCS;SI;LOR;MPM;VA;SD
JavaScript,5,linear,0.4,24.8,frequency_per_cost,12.0,24.0,MRV;LOR;MCR;CI;SI;MOCS;SD;AOR;MPM;BWO;RAR;CN
JavaScript,5,linear,0.4,24.8,cheap_first,19.0,24.0,LOR;SD;AOR;BWO;RAR;CN;ElseI;SM;AA;AIS;DOC;ROR;BR;DIS;MRV;SI;CASEI;FLI;VR
JavaScript,5,linear,0.4,24.8,exact_cost_aware,12.0,24.0,MRV;LOR;MCR;CI;SI;MOCS;SD;AOR;MPM;BWO;RAR;SM
JavaScript,5,linear,0.4,24.8,random,13.085,24.0,Mean of 1000 random portfolios
JavaScript,5,linear,0.5,31.0,frequency,14.0,31.0,CI;MCR;MRV;MOCS;SI;LOR;MPM;VA;CR;SD;AOR;BWO;RAR;CN
JavaScript,5,linear,0.5,31.0,frequency_per_cost,14.0,31.0,MRV;LOR;MCR;CI;SI;MOCS;SD;AOR;MPM;BWO;RAR;VA;CR;CN
JavaScript,5,linear,0.5,31.0,cheap_first,22.0,30.0,LOR;SD;AOR;BWO;RAR;CN;ElseI;SM;AA;AIS;DOC;ROR;BR;DIS;MRV;SI;CASEI;FLI;VR;BCO;CFSM;DTR
JavaScript,5,linear,0.5,31.0,exact_cost_aware,14.0,31.0,MRV;LOR;MCR;CI;SI;MOCS;SD;AOR;MPM;BWO;RAR;VA;CR;SM
JavaScript,5,linear,0.5,31.0,random,16.888,31.0,Mean of 1000 random portfolios
JavaScript,5,exponential,0.1,7.8,frequency,3.0,7.0,MCR;MRV;LOR
JavaScript,5,exponential,0.1,7.8,frequency_per_cost,3.0,7.0,MRV;LOR;MCR
JavaScript,5,exponential,0.1,7.8,cheap_first,7.0,7.0,LOR;SD;AOR;BWO;RAR;CN;ElseI
JavaScript,5,exponential,0.1,7.8,exact_cost_aware,6.0,7.0,MRV;LOR;SD;AOR;BWO;RAR
JavaScript,5,exponential,0.1,7.8,random,4.374,7.0,Mean of 1000 random portfolios
JavaScript,5,exponential,0.2,15.6,frequency,4.0,15.0,CI;MCR;MRV;LOR
JavaScript,5,exponential,0.2,15.6,frequency_per_cost,10.0,15.0,MRV;LOR;MCR;SI;SD;AOR;BWO;RAR;CN;ElseI
JavaScript,5,exponential,0.2,15.6,cheap_first,14.0,14.0,LOR;SD;AOR;BWO;RAR;CN;ElseI;SM;AA;AIS;DOC;ROR;BR;DIS
JavaScript,5,exponential,0.2,15.6,exact_cost_aware,10.0,15.0,MRV;LOR;MCR;SI;SD;AOR;BWO;RAR;CN;SM
JavaScript,5,exponential,0.2,15.6,random,7.406,15.0,Mean of 1000 random portfolios
JavaScript,5,exponential,0.3,23.4,frequency,5.0,23.0,CI;MCR;MRV;MOCS;LOR
JavaScript,5,exponential,0.3,23.4,frequency_per_cost,11.0,23.0,MRV;LOR;MCR;SI;SD;AOR;CI;BWO;RAR;CN;ElseI
JavaScript,5,exponential,0.3,23.4,cheap_first,18.0,22.0,LOR;SD;AOR;BWO;RAR;CN;ElseI;SM;AA;AIS;DOC;ROR;BR;DIS;MRV;SI;CASEI;FLI
JavaScript,5,exponential,0.3,23.4,exact_cost_aware,11.0,23.0,MRV;LOR;MCR;SI;SD;AOR;CI;BWO;RAR;CN;SM
JavaScript,5,exponential,0.3,23.4,random,10.612,23.0,Mean of 1000 random portfolios
JavaScript,5,exponential,0.4,31.2,frequency,9.0,31.0,CI;MCR;MRV;MOCS;SI;LOR;MPM;SD;AOR
JavaScript,5,exponential,0.4,31.2,frequency_per_cost,12.0,31.0,MRV;LOR;MCR;SI;SD;AOR;CI;BWO;RAR;MOCS;CN;ElseI
JavaScript,5,exponential,0.4,31.2,cheap_first,22.0,30.0,LOR;SD;AOR;BWO;RAR;CN;ElseI;SM;AA;AIS;DOC;ROR;BR;DIS;MRV;SI;CASEI;FLI;VR;BCO;CFSM;DTR
JavaScript,5,exponential,0.4,31.2,exact_cost_aware,12.0,31.0,MRV;LOR;MCR;SI;SD;AOR;CI;BWO;RAR;MOCS;CN;SM
JavaScript,5,exponential,0.4,31.2,random,14.041,31.0,Mean of 1000 random portfolios
JavaScript,5,exponential,0.5,39.0,frequency,10.0,39.0,CI;MCR;MRV;MOCS;SI;LOR;MPM;VA;SD;AOR
JavaScript,5,exponential,0.5,39.0,frequency_per_cost,17.0,39.0,MRV;LOR;MCR;SI;SD;AOR;CI;BWO;RAR;MOCS;MPM;CN;ElseI;SM;AA;AIS;DOC
JavaScript,5,exponential,0.5,39.0,cheap_first,26.0,38.0,LOR;SD;AOR;BWO;RAR;CN;ElseI;SM;AA;AIS;DOC;ROR;BR;DIS;MRV;SI;CASEI;FLI;VR;BCO;CFSM;DTR;EI;EII;SR;WLI
JavaScript,5,exponential,0.5,39.0,exact_cost_aware,14.0,39.0,MRV;LOR;MCR;SI;SD;AOR;CI;BWO;RAR;MOCS;MPM;CN;SM;CR
JavaScript,5,exponential,0.5,39.0,random,17.5,38.999,Mean of 1000 random portfolios
JavaScript,5,steep,0.1,10.4,frequency,1.0,10.0,CI
JavaScript,5,steep,0.1,10.4,frequency_per_cost,6.0,10.0,LOR;MRV;SD;SI;AOR;BWO
JavaScript,5,steep,0.1,10.4,cheap_first,10.0,10.0,LOR;SD;AOR;BWO;RAR;CN;ElseI;SM;AA;AIS
JavaScript,5,steep,0.1,10.4,exact_cost_aware,8.0,10.0,LOR;MRV;SD;AOR;BWO;RAR;CN;SM
JavaScript,5,steep,0.1,10.4,random,4.601,10.0,Mean of 1000 random portfolios
JavaScript,5,steep,0.2,20.8,frequency,4.0,20.0,CI;MCR;MRV;LOR
JavaScript,5,steep,0.2,20.8,frequency_per_cost,11.0,20.0,LOR;MRV;SD;MCR;SI;AOR;BWO;RAR;CN;ElseI;SM
JavaScript,5,steep,0.2,20.8,cheap_first,16.0,20.0,LOR;SD;AOR;BWO;RAR;CN;ElseI;SM;AA;AIS;DOC;ROR;BR;DIS;MRV;SI
JavaScript,5,steep,0.2,20.8,exact_cost_aware,11.0,20.0,LOR;MRV;SD;MCR;SI;AOR;BWO;RAR;CN;ElseI;SM
JavaScript,5,steep,0.2,20.8,random,7.837,20.0,Mean of 1000 random portfolios
JavaScript,5,steep,0.3,31.2,frequency,6.0,31.0,CI;MCR;MRV;MOCS;LOR;SD
JavaScript,5,steep,0.3,31.2,frequency_per_cost,13.0,31.0,LOR;MRV;SD;MCR;SI;AOR;BWO;RAR;CI;CN;ElseI;SM;AA
JavaScript,5,steep,0.3,31.2,cheap_first,19.0,29.0,LOR;SD;AOR;BWO;RAR;CN;ElseI;SM;AA;AIS;DOC;ROR;BR;DIS;MRV;SI;CASEI;FLI;VR
JavaScript,5,steep,0.3,31.2,exact_cost_aware,13.0,31.0,LOR;MRV;SD;MCR;SI;AOR;BWO;RAR;CI;CN;ElseI;SM;ROR
JavaScript,5,steep,0.3,31.2,random,11.147,31.0,Mean of 1000 random portfolios
JavaScript,5,steep,0.4,41.6,frequency,9.0,41.0,CI;MCR;MRV;MOCS;SI;LOR;MPM;SD;AOR
JavaScript,5,steep,0.4,41.6,frequency_per_cost,14.0,41.0,LOR;MRV;SD;MCR;SI;AOR;BWO;RAR;CI;MOCS;CN;ElseI;SM;AA
JavaScript,5,steep,0.4,41.6,cheap_first,23.0,41.0,LOR;SD;AOR;BWO;RAR;CN;ElseI;SM;AA;AIS;DOC;ROR;BR;DIS;MRV;SI;CASEI;FLI;VR;BCO;CFSM;DTR;EI
JavaScript,5,steep,0.4,41.6,exact_cost_aware,14.0,41.0,LOR;MRV;SD;MCR;SI;AOR;BWO;RAR;CI;MOCS;CN;ElseI;SM;DOC
JavaScript,5,steep,0.4,41.6,random,14.279,41.0,Mean of 1000 random portfolios
JavaScript,5,steep,0.5,52.0,frequency,11.0,52.0,CI;MCR;MRV;MOCS;SI;LOR;MPM;VA;SD;AOR;BWO
JavaScript,5,steep,0.5,52.0,frequency_per_cost,15.0,52.0,LOR;MRV;SD;MCR;SI;AOR;BWO;RAR;CI;MOCS;CN;ElseI;SM;MPM;CR
JavaScript,5,steep,0.5,52.0,cheap_first,26.0,50.0,LOR;SD;AOR;BWO;RAR;CN;ElseI;SM;AA;AIS;DOC;ROR;BR;DIS;MRV;SI;CASEI;FLI;VR;BCO;CFSM;DTR;EI;EII;SR;WLI
JavaScript,5,steep,0.5,52.0,exact_cost_aware,15.0,52.0,LOR;MRV;SD;MCR;SI;AOR;BWO;RAR;CI;MOCS;CN;ElseI;SM;MPM;CR
JavaScript,5,steep,0.5,52.0,random,17.742,51.995,Mean of 1000 random portfolios
Python,1,linear,0.1,6.2,frequency,3.0,6.0,MCR;SI;LOR
Python,1,linear,0.1,6.2,frequency_per_cost,3.0,6.0,MCR;SI;LOR
Python,1,linear,0.1,6.2,cheap_first,6.0,6.0,LOR;AIS;ElseI;AOR;SD;SM
Python,1,linear,0.1,6.2,exact_cost_aware,3.0,6.0,MCR;SI;LOR
Python,1,linear,0.1,6.2,random,3.646,6.0,Mean of 1000 random portfolios
Python,1,linear,0.2,12.4,frequency,5.0,12.0,MCR;CI;SI;MRV;LOR
Python,1,linear,0.2,12.4,frequency_per_cost,5.0,12.0,MCR;SI;CI;MRV;LOR
Python,1,linear,0.2,12.4,cheap_first,12.0,12.0,LOR;AIS;ElseI;AOR;SD;SM;AA;BR;BWO;CN;DIS;DOC
Python,1,linear,0.2,12.4,exact_cost_aware,5.0,12.0,MCR;SI;CI;MRV;LOR
Python,1,linear,0.2,12.4,random,6.832,12.0,Mean of 1000 random portfolios
Python,1,linear,0.3,18.6,frequency,7.0,18.0,MCR;CI;SI;MOCS;MRV;LOR;EI
Python,1,linear,0.3,18.6,frequency_per_cost,8.0,18.0,MCR;SI;CI;MRV;MOCS;LOR;AIS;ElseI
Python,1,linear,0.3,18.6,cheap_first,16.0,18.0,LOR;AIS;ElseI;AOR;SD;SM;AA;BR;BWO;CN;DIS;DOC;RAR;ROR;SI;MRV
Python,1,linear,0.3,18.6,exact_cost_aware,8.0,18.0,MCR;SI;CI;MRV;MOCS;LOR;AIS;ElseI
Python,1,linear,0.3,18.6,random,9.963,18.0,Mean of 1000 random portfolios
Python,1,linear,0.4,24.8,frequency,10.0,24.0,MCR;CI;SI;MOCS;MRV;LOR;EI;CR;VR;AIS
Python,1,linear,0.4,24.8,frequency_per_cost,11.0,24.0,MCR;SI;CI;MRV;MOCS;LOR;AIS;EI;VR;ElseI;CFSM
Python,1,linear,0.4,24.8,cheap_first,19.0,24.0,LOR;AIS;ElseI;AOR;SD;SM;AA;BR;BWO;CN;DIS;DOC;RAR;ROR;SI;MRV;EI;VR;CFSM
Python,1,linear,0.4,24.8,exact_cost_aware,12.0,24.0,MCR;SI;CI;MRV;MOCS;LOR;AIS;EI;VR;ElseI;AOR;SM
Python,1,linear,0.4,24.8,random,13.052,24.0,Mean of 1000 random portfolios
Python,1,linear,0.5,31.0,frequency,14.0,31.0,MCR;CI;SI;MOCS;MRV;LOR;EI;CR;VR;AIS;CFSM;ElseI;MA;AOR
Python,1,linear,0.5,31.0,frequency_per_cost,15.0,31.0,MCR;SI;CI;MRV;MOCS;LOR;AIS;EI;VR;ElseI;CR;CFSM;SR;AOR;SD
Python,1,linear,0.5,31.0,cheap_first,22.0,30.0,LOR;AIS;ElseI;AOR;SD;SM;AA;BR;BWO;CN;DIS;DOC;RAR;ROR;SI;MRV;EI;VR;CFSM;SR;DTR;BCO
Python,1,linear,0.5,31.0,exact_cost_aware,15.0,31.0,MCR;SI;CI;MRV;MOCS;LOR;AIS;EI;VR;ElseI;CR;CFSM;SR;AOR;SM
Python,1,linear,0.5,31.0,random,16.85,31.0,Mean of 1000 random portfolios
Python,1,exponential,0.1,7.8,frequency,3.0,7.0,MCR;SI;LOR
Python,1,exponential,0.1,7.8,frequency_per_cost,3.0,7.0,SI;MCR;LOR
Python,1,exponential,0.1,7.8,cheap_first,7.0,7.0,LOR;AIS;ElseI;AOR;SD;SM;AA
Python,1,exponential,0.1,7.8,exact_cost_aware,3.0,7.0,SI;MCR;LOR
Python,1,exponential,0.1,7.8,random,4.326,7.0,Mean of 1000 random portfolios
Python,1,exponential,0.2,15.6,frequency,4.0,15.0,MCR;CI;SI;LOR
Python,1,exponential,0.2,15.6,frequency_per_cost,8.0,15.0,SI;MCR;MRV;LOR;AIS;EI;VR;ElseI
Python,1,exponential,0.2,15.6,cheap_first,14.0,14.0,LOR;AIS;ElseI;AOR;SD;SM;AA;BR;BWO;CN;DIS;DOC;RAR;ROR
Python,1,exponential,0.2,15.6,exact_cost_aware,4.0,15.0,SI;MCR;LOR;CI
Python,1,exponential,0.2,15.6,random,7.44,15.0,Mean of 1000 random portfolios
Python,1,exponential,0.3,23.4,frequency,5.0,23.0,MCR;CI;SI;MOCS;LOR
Python,1,exponential,0.3,23.4,frequency_per_cost,9.0,23.0,SI;MCR;MRV;LOR;CI;AIS;EI;VR;ElseI
Python,1,exponential,0.3,23.4,cheap_first,18.0,22.0,LOR;AIS;ElseI;AOR;SD;SM;AA;BR;BWO;CN;DIS;DOC;RAR;ROR;SI;MRV;EI;VR
Python,1,exponential,0.3,23.4,exact_cost_aware,9.0,23.0,SI;MCR;MRV;LOR;CI;AIS;EI;VR;ElseI
Python,1,exponential,0.3,23.4,random,10.626,23.0,Mean of 1000 random portfolios
Python,1,exponential,0.4,31.2,frequency,8.0,31.0,MCR;CI;SI;MOCS;MRV;LOR;EI;CR
Python,1,exponential,0.4,31.2,frequency_per_cost,10.0,31.0,SI;MCR;MRV;LOR;CI;MOCS;AIS;EI;VR;ElseI
Python,1,exponential,0.4,31.2,cheap_first,22.0,30.0,LOR;AIS;ElseI;AOR;SD;SM;AA;BR;BWO;CN;DIS;DOC;RAR;ROR;SI;MRV;EI;VR;CFSM;SR;DTR;BCO
Python,1,exponential,0.4,31.2,exact_cost_aware,10.0,31.0,SI;MCR;MRV;LOR;CI;MOCS;AIS;EI;VR;ElseI
Python,1,exponential,0.4,31.2,random,13.986,31.0,Mean of 1000 random portfolios
Python,1,exponential,0.5,39.0,frequency,13.0,39.0,MCR;CI;SI;MOCS;MRV;LOR;EI;CR;VR;AIS;CFSM;ElseI;SR
Python,1,exponential,0.5,39.0,frequency_per_cost,13.0,39.0,SI;MCR;MRV;LOR;CI;MOCS;AIS;EI;VR;ElseI;CR;CFSM;SR
Python,1,exponential,0.5,39.0,cheap_first,26.0,38.0,LOR;AIS;ElseI;AOR;SD;SM;AA;BR;BWO;CN;DIS;DOC;RAR;ROR;SI;MRV;EI;VR;CFSM;SR;DTR;BCO;CASEI;EII;FLI;WLI
Python,1,exponential,0.5,39.0,exact_cost_aware,14.0,39.0,SI;MCR;MRV;LOR;CI;MOCS;AIS;EI;VR;ElseI;CR;SR;AOR;SM
Python,1,exponential,0.5,39.0,random,17.337,39.0,Mean of 1000 random portfolios
Python,1,steep,0.1,10.4,frequency,3.0,10.0,MCR;SI;LOR
Python,1,steep,0.1,10.4,frequency_per_cost,3.0,10.0,SI;MCR;LOR
Python,1,steep,0.1,10.4,cheap_first,10.0,10.0,LOR;AIS;ElseI;AOR;SD;SM;AA;BR;BWO;CN
Python,1,steep,0.1,10.4,exact_cost_aware,3.0,10.0,SI;MCR;LOR
Python,1,steep,0.1,10.4,random,4.686,10.0,Mean of 1000 random portfolios
Python,1,steep,0.2,20.8,frequency,4.0,20.0,MCR;CI;SI;LOR
Python,1,steep,0.2,20.8,frequency_per_cost,9.0,20.0,SI;MCR;MRV;LOR;AIS;ElseI;EI;AOR;SD
Python,1,steep,0.2,20.8,cheap_first,16.0,20.0,LOR;AIS;ElseI;AOR;SD;SM;AA;BR;BWO;CN;DIS;DOC;RAR;ROR;SI;MRV
Python,1,steep,0.2,20.8,exact_cost_aware,4.0,20.0,SI;MCR;LOR;CI
Python,1,steep,0.2,20.8,random,7.754,20.0,Mean of 1000 random portfolios
Python,1,steep,0.3,31.2,frequency,6.0,31.0,MCR;CI;SI;MOCS;LOR;AIS
Python,1,steep,0.3,31.2,frequency_per_cost,9.0,31.0,SI;MCR;MRV;LOR;CI;AIS;ElseI;EI;VR
Python,1,steep,0.3,31.2,cheap_first,19.0,29.0,LOR;AIS;ElseI;AOR;SD;SM;AA;BR;BWO;CN;DIS;DOC;RAR;ROR;SI;MRV;EI;VR;CFSM
Python,1,steep,0.3,31.2,exact_cost_aware,6.0,31.0,SI;MCR;LOR;CI;AIS;MOCS
Python,1,steep,0.3,31.2,random,11.214,31.0,Mean of 1000 random portfolios
Python,1,steep,0.4,41.6,frequency,10.0,41.0,MCR;CI;SI;MOCS;MRV;LOR;EI;VR;AIS;ElseI
Python,1,steep,0.4,41.6,frequency_per_cost,10.0,41.0,SI;MCR;MRV;LOR;CI;AIS;MOCS;ElseI;EI;VR
Python,1,steep,0.4,41.6,cheap_first,23.0,41.0,LOR;AIS;ElseI;AOR;SD;SM;AA;BR;BWO;CN;DIS;DOC;RAR;ROR;SI;MRV;EI;VR;CFSM;SR;DTR;BCO;CASEI
Python,1,steep,0.4,41.6,exact_cost_aware,10.0,41.0,SI;MCR;MRV;LOR;CI;AIS;MOCS;ElseI;EI;VR
Python,1,steep,0.4,41.6,random,14.264,41.0,Mean of 1000 random portfolios
Python,1,steep,0.5,52.0,frequency,14.0,52.0,MCR;CI;SI;MOCS;MRV;LOR;EI;CR;VR;AIS;CFSM;ElseI;AOR;SD
Python,1,steep,0.5,52.0,frequency_per_cost,16.0,52.0,SI;MCR;MRV;LOR;CI;AIS;MOCS;ElseI;EI;VR;AOR;SD;SM;CR;AA;BR
Python,1,steep,0.5,52.0,cheap_first,26.0,50.0,LOR;AIS;ElseI;AOR;SD;SM;AA;BR;BWO;CN;DIS;DOC;RAR;ROR;SI;MRV;EI;VR;CFSM;SR;DTR;BCO;CASEI;EII;FLI;WLI
Python,1,steep,0.5,52.0,exact_cost_aware,14.0,52.0,SI;MCR;MRV;LOR;CI;AIS;MOCS;ElseI;EI;VR;SD;SM;CR;CFSM
Python,1,steep,0.5,52.0,random,17.692,51.99,Mean of 1000 random portfolios
Python,2,linear,0.1,6.2,frequency,3.0,6.0,MCR;SI;AIS
Python,2,linear,0.1,6.2,frequency_per_cost,3.0,6.0,MCR;SI;AIS
Python,2,linear,0.1,6.2,cheap_first,6.0,6.0,AIS;LOR;SD;AOR;ElseI;AA
Python,2,linear,0.1,6.2,exact_cost_aware,3.0,6.0,MCR;SI;AIS
Python,2,linear,0.1,6.2,random,3.629,6.0,Mean of 1000 random portfolios
Python,2,linear,0.2,12.4,frequency,5.0,12.0,MCR;CI;SI;MRV;AIS
Python,2,linear,0.2,12.4,frequency_per_cost,5.0,12.0,MCR;SI;CI;AIS;MRV
Python,2,linear,0.2,12.4,cheap_first,12.0,12.0,AIS;LOR;SD;AOR;ElseI;AA;BR;BWO;CN;DIS;DOC;RAR
Python,2,linear,0.2,12.4,exact_cost_aware,5.0,12.0,MCR;SI;CI;AIS;MRV
Python,2,linear,0.2,12.4,random,6.829,12.0,Mean of 1000 random portfolios
Python,2,linear,0.3,18.6,frequency,7.0,18.0,MCR;CI;SI;MOCS;MRV;AIS;EI
Python,2,linear,0.3,18.6,frequency_per_cost,7.0,18.0,MCR;SI;CI;AIS;MRV;MOCS;EI
Python,2,linear,0.3,18.6,cheap_first,16.0,18.0,AIS;LOR;SD;AOR;ElseI;AA;BR;BWO;CN;DIS;DOC;RAR;ROR;SM;SI;MRV
Python,2,linear,0.3,18.6,exact_cost_aware,7.0,18.0,MCR;SI;CI;AIS;MRV;MOCS;EI
Python,2,linear,0.3,18.6,random,10.002,18.0,Mean of 1000 random portfolios
Python,2,linear,0.4,24.8,frequency,10.0,24.0,MCR;CI;SI;MOCS;MRV;AIS;EI;CR;SR;LOR
Python,2,linear,0.4,24.8,frequency_per_cost,11.0,24.0,MCR;SI;CI;AIS;MRV;MOCS;EI;LOR;SR;SD;DTR
Python,2,linear,0.4,24.8,cheap_first,19.0,24.0,AIS;LOR;SD;AOR;ElseI;AA;BR;BWO;CN;DIS;DOC;RAR;ROR;SM;SI;MRV;EI;SR;DTR
Python,2,linear,0.4,24.8,exact_cost_aware,10.0,24.0,MCR;SI;CI;AIS;MRV;MOCS;EI;LOR;SR;CR
Python,2,linear,0.4,24.8,random,13.13,24.0,Mean of 1000 random portfolios
Python,2,linear,0.5,31.0,frequency,14.0,31.0,MCR;CI;SI;MOCS;MRV;AIS;EI;CR;SR;LOR;DTR;MA;SD;AOR
Python,2,linear,0.5,31.0,frequency_per_cost,15.0,31.0,MCR;SI;CI;AIS;MRV;MOCS;EI;LOR;SR;SD;CR;DTR;VR;AOR;ElseI
Python,2,linear,0.5,31.0,cheap_first,22.0,30.0,AIS;LOR;SD;AOR;ElseI;AA;BR;BWO;CN;DIS;DOC;RAR;ROR;SM;SI;MRV;EI;SR;DTR;VR;CFSM;BCO
Python,2,linear,0.5,31.0,exact_cost_aware,15.0,31.0,MCR;SI;CI;AIS;MRV;MOCS;EI;LOR;SR;SD;CR;DTR;VR;AOR;ElseI
Python,2,linear,0.5,31.0,random,16.881,31.0,Mean of 1000 random portfolios
Python,2,exponential,0.1,7.8,frequency,3.0,7.0,MCR;SI;AIS
Python,2,exponential,0.1,7.8,frequency_per_cost,3.0,7.0,MCR;SI;AIS
Python,2,exponential,0.1,7.8,cheap_first,7.0,7.0,AIS;LOR;SD;AOR;ElseI;AA;BR
Python,2,exponential,0.1,7.8,exact_cost_aware,3.0,7.0,MCR;SI;AIS
Python,2,exponential,0.1,7.8,random,4.405,7.0,Mean of 1000 random portfolios
Python,2,exponential,0.2,15.6,frequency,4.0,15.0,MCR;CI;SI;AIS
Python,2,exponential,0.2,15.6,frequency_per_cost,8.0,15.0,MCR;SI;AIS;MRV;EI;LOR;SR;SD
Python,2,exponential,0.2,15.6,cheap_first,14.0,14.0,AIS;LOR;SD;AOR;ElseI;AA;BR;BWO;CN;DIS;DOC;RAR;ROR;SM
Python,2,exponential,0.2,15.6,exact_cost_aware,4.0,15.0,MCR;SI;AIS;CI
Python,2,exponential,0.2,15.6,random,7.482,15.0,Mean of 1000 random portfolios
Python,2,exponential,0.3,23.4,frequency,5.0,23.0,MCR;CI;SI;MOCS;AIS
Python,2,exponential,0.3,23.4,frequency_per_cost,9.0,23.0,MCR;SI;AIS;MRV;CI;EI;LOR;SR;SD
Python,2,exponential,0.3,23.4,cheap_first,18.0,22.0,AIS;LOR;SD;AOR;ElseI;AA;BR;BWO;CN;DIS;DOC;RAR;ROR;SM;SI;MRV;EI;SR
Python,2,exponential,0.3,23.4,exact_cost_aware,9.0,23.0,MCR;SI;AIS;MRV;CI;EI;LOR;SR;SD
Python,2,exponential,0.3,23.4,random,10.906,23.0,Mean of 1000 random portfolios
Python,2,exponential,0.4,31.2,frequency,8.0,31.0,MCR;CI;SI;MOCS;MRV;AIS;EI;CR
Python,2,exponential,0.4,31.2,frequency_per_cost,10.0,31.0,MCR;SI;AIS;MRV;CI;EI;LOR;SR;MOCS;SD
Python,2,exponential,0.4,31.2,cheap_first,22.0,30.0,AIS;LOR;SD;AOR;ElseI;AA;BR;BWO;CN;DIS;DOC;RAR;ROR;SM;SI;MRV;EI;SR;DTR;VR;CFSM;BCO
Python,2,exponential,0.4,31.2,exact_cost_aware,10.0,31.0,MCR;SI;AIS;MRV;CI;EI;LOR;SR;MOCS;SD
Python,2,exponential,0.4,31.2,random,14.114,31.0,Mean of 1000 random portfolios
Python,2,exponential,0.5,39.0,frequency,13.0,39.0,MCR;CI;SI;MOCS;MRV;AIS;EI;CR;SR;LOR;DTR;SD;VR
Python,2,exponential,0.5,39.0,frequency_per_cost,13.0,39.0,MCR;SI;AIS;MRV;CI;EI;LOR;SR;MOCS;SD;CR;DTR;VR
Python,2,exponential,0.5,39.0,cheap_first,26.0,38.0,AIS;LOR;SD;AOR;ElseI;AA;BR;BWO;CN;DIS;DOC;RAR;ROR;SM;SI;MRV;EI;SR;DTR;VR;CFSM;BCO;CASEI;EII;FLI;WLI
Python,2,exponential,0.5,39.0,exact_cost_aware,14.0,39.0,MCR;SI;AIS;MRV;CI;EI;LOR;SR;MOCS;SD;CR;DTR;AOR;ElseI
Python,2,exponential,0.5,39.0,random,17.289,38.999,Mean of 1000 random portfolios
Python,2,steep,0.1,10.4,frequency,3.0,10.0,MCR;SI;AIS
Python,2,steep,0.1,10.4,frequency_per_cost,3.0,10.0,MCR;SI;AIS
Python,2,steep,0.1,10.4,cheap_first,10.0,10.0,AIS;LOR;SD;AOR;ElseI;AA;BR;BWO;CN;DIS
Python,2,steep,0.1,10.4,exact_cost_aware,3.0,10.0,MCR;SI;AIS
Python,2,steep,0.1,10.4,random,4.567,10.0,Mean of 1000 random portfolios
Python,2,steep,0.2,20.8,frequency,4.0,20.0,MCR;CI;SI;AIS
Python,2,steep,0.2,20.8,frequency_per_cost,9.0,20.0,MCR;SI;AIS;MRV;LOR;EI;SD;AOR;ElseI
Python,2,steep,0.2,20.8,cheap_first,16.0,20.0,AIS;LOR;SD;AOR;ElseI;AA;BR;BWO;CN;DIS;DOC;RAR;ROR;SM;SI;MRV
Python,2,steep,0.2,20.8,exact_cost_aware,4.0,20.0,MCR;SI;AIS;CI
Python,2,steep,0.2,20.8,random,7.708,20.0,Mean of 1000 random portfolios
Python,2,steep,0.3,31.2,frequency,6.0,31.0,MCR;CI;SI;MOCS;AIS;LOR
Python,2,steep,0.3,31.2,frequency_per_cost,9.0,31.0,MCR;SI;AIS;MRV;LOR;CI;EI;SD;SR
Python,2,steep,0.3,31.2,cheap_first,19.0,29.0,AIS;LOR;SD;AOR;ElseI;AA;BR;BWO;CN;DIS;DOC;RAR;ROR;SM;SI;MRV;EI;SR;DTR
Python,2,steep,0.3,31.2,exact_cost_aware,9.0,31.0,MCR;SI;AIS;MRV;LOR;CI;EI;SD;SR
Python,2,steep,0.3,31.2,random,11.117,31.0,Mean of 1000 random portfolios
Python,2,steep,0.4,41.6,frequency,10.0,41.0,MCR;CI;SI;MOCS;MRV;AIS;EI;SR;LOR;SD
Python,2,steep,0.4,41.6,frequency_per_cost,10.0,41.0,MCR;SI;AIS;MRV;LOR;CI;EI;SD;SR;MOCS
Python,2,steep,0.4,41.6,cheap_first,23.0,41.0,AIS;LOR;SD;AOR;ElseI;AA;BR;BWO;CN;DIS;DOC;RAR;ROR;SM;SI;MRV;EI;SR;DTR;VR;CFSM;BCO;CASEI
Python,2,steep,0.4,41.6,exact_cost_aware,10.0,41.0,MCR;SI;AIS;MRV;LOR;CI;EI;SD;SR;MOCS
Python,2,steep,0.4,41.6,random,14.313,41.0,Mean of 1000 random portfolios
Python,2,steep,0.5,52.0,frequency,14.0,52.0,MCR;CI;SI;MOCS;MRV;AIS;EI;CR;SR;LOR;DTR;SD;AOR;ElseI
Python,2,steep,0.5,52.0,frequency_per_cost,14.0,52.0,MCR;SI;AIS;MRV;LOR;CI;EI;SD;SR;MOCS;AOR;ElseI;CR;DTR
Python,2,steep,0.5,52.0,cheap_first,26.0,50.0,AIS;LOR;SD;AOR;ElseI;AA;BR;BWO;CN;DIS;DOC;RAR;ROR;SM;SI;MRV;EI;SR;DTR;VR;CFSM;BCO;CASEI;EII;FLI;WLI
Python,2,steep,0.5,52.0,exact_cost_aware,14.0,52.0,MCR;SI;AIS;MRV;LOR;CI;EI;SD;SR;MOCS;AOR;ElseI;CR;DTR
Python,2,steep,0.5,52.0,random,17.864,51.993,Mean of 1000 random portfolios
Python,3,linear,0.1,6.2,frequency,3.0,6.0,MCR;SI;AIS
Python,3,linear,0.1,6.2,frequency_per_cost,3.0,6.0,MCR;SI;AIS
Python,3,linear,0.1,6.2,cheap_first,6.0,6.0,AIS;LOR;ElseI;SD;AOR;SM
Python,3,linear,0.1,6.2,exact_cost_aware,3.0,6.0,MCR;SI;AIS
Python,3,linear,0.1,6.2,random,3.686,6.0,Mean of 1000 random portfolios
Python,3,linear,0.2,12.4,frequency,4.0,12.0,MCR;CI;MOCS;AIS
Python,3,linear,0.2,12.4,frequency_per_cost,5.0,12.0,MCR;SI;MRV;AIS;CI
Python,3,linear,0.2,12.4,cheap_first,12.0,12.0,AIS;LOR;ElseI;SD;AOR;SM;AA;BR;BWO;CN;DIS;DOC
Python,3,linear,0.2,12.4,exact_cost_aware,5.0,12.0,MCR;SI;MRV;AIS;CI
Python,3,linear,0.2,12.4,random,6.836,12.0,Mean of 1000 random portfolios
Python,3,linear,0.3,18.6,frequency,7.0,18.0,MCR;CI;MOCS;SI;MRV;AIS;EI
Python,3,linear,0.3,18.6,frequency_per_cost,8.0,18.0,MCR;SI;MRV;AIS;CI;LOR;MOCS;ElseI
Python,3,linear,0.3,18.6,cheap_first,16.0,18.0,AIS;LOR;ElseI;SD;AOR;SM;AA;BR;BWO;CN;DIS;DOC;RAR;ROR;SI;MRV
Python,3,linear,0.3,18.6,exact_cost_aware,8.0,18.0,MCR;SI;MRV;AIS;CI;LOR;MOCS;SD
Python,3,linear,0.3,18.6,random,9.971,18.0,Mean of 1000 random portfolios
Python,3,linear,0.4,24.8,frequency,10.0,24.0,MCR;CI;MOCS;SI;MRV;AIS;EI;LOR;CR;VR
Python,3,linear,0.4,24.8,frequency_per_cost,12.0,24.0,MCR;SI;MRV;AIS;CI;LOR;MOCS;EI;VR;ElseI;SD;AOR
Python,3,linear,0.4,24.8,cheap_first,19.0,24.0,AIS;LOR;ElseI;SD;AOR;SM;AA;BR;BWO;CN;DIS;DOC;RAR;ROR;SI;MRV;EI;VR;SR
Python,3,linear,0.4,24.8,exact_cost_aware,11.0,24.0,MCR;SI;MRV;AIS;CI;LOR;MOCS;EI;VR;ElseI;SR
Python,3,linear,0.4,24.8,random,13.142,24.0,Mean of 1000 random portfolios
Python,3,linear,0.5,31.0,frequency,14.0,31.0,MCR;CI;MOCS;SI;MRV;AIS;EI;LOR;CR;VR;SR;CFSM;DTR;ElseI
Python,3,linear,0.5,31.0,frequency_per_cost,15.0,31.0,MCR;SI;MRV;AIS;CI;LOR;MOCS;EI;VR;ElseI;SD;SR;CR;CFSM;AOR
Python,3,linear,0.5,31.0,cheap_first,22.0,30.0,AIS;LOR;ElseI;SD;AOR;SM;AA;BR;BWO;CN;DIS;DOC;RAR;ROR;SI;MRV;EI;VR;SR;CFSM;DTR;BCO
Python,3,linear,0.5,31.0,exact_cost_aware,15.0,31.0,MCR;SI;MRV;AIS;CI;LOR;MOCS;EI;VR;ElseI;SD;SR;CR;CFSM;AOR
Python,3,linear,0.5,31.0,random,16.828,30.999,Mean of 1000 random portfolios
Python,3,exponential,0.1,7.8,frequency,3.0,7.0,MCR;SI;AIS
Python,3,exponential,0.1,7.8,frequency_per_cost,3.0,7.0,MCR;SI;AIS
Python,3,exponential,0.1,7.8,cheap_first,7.0,7.0,AIS;LOR;ElseI;SD;AOR;SM;AA
Python,3,exponential,0.1,7.8,exact_cost_aware,3.0,7.0,MCR;SI;AIS
Python,3,exponential,0.1,7.8,random,4.425,7.0,Mean of 1000 random portfolios
Python,3,exponential,0.2,15.6,frequency,4.0,15.0,MCR;CI;SI;AIS
Python,3,exponential,0.2,15.6,frequency_per_cost,8.0,15.0,MCR;SI;MRV;AIS;LOR;EI;VR;ElseI
Python,3,exponential,0.2,15.6,cheap_first,14.0,14.0,AIS;LOR;ElseI;SD;AOR;SM;AA;BR;BWO;CN;DIS;DOC;RAR;ROR
Python,3,exponential,0.2,15.6,exact_cost_aware,8.0,15.0,MCR;SI;MRV;AIS;LOR;EI;VR;SD
Python,3,exponential,0.2,15.6,random,7.512,15.0,Mean of 1000 random portfolios
Python,3,exponential,0.3,23.4,frequency,5.0,23.0,MCR;CI;MOCS;SI;AIS
Python,3,exponential,0.3,23.4,frequency_per_cost,9.0,23.0,MCR;SI;MRV;AIS;LOR;CI;EI;VR;ElseI
Python,3,exponential,0.3,23.4,cheap_first,18.0,22.0,AIS;LOR;ElseI;SD;AOR;SM;AA;BR;BWO;CN;DIS;DOC;RAR;ROR;SI;MRV;EI;VR
Python,3,exponential,0.3,23.4,exact_cost_aware,9.0,23.0,MCR;SI;MRV;AIS;LOR;CI;EI;VR;SD
Python,3,exponential,0.3,23.4,random,10.739,23.0,Mean of 1000 random portfolios
Python,3,exponential,0.4,31.2,frequency,10.0,31.0,MCR;CI;MOCS;SI;MRV;AIS;EI;LOR;VR;ElseI
Python,3,exponential,0.4,31.2,frequency_per_cost,10.0,31.0,MCR;SI;MRV;AIS;LOR;CI;EI;MOCS;VR;ElseI
Python,3,exponential,0.4,31.2,cheap_first,22.0,30.0,AIS;LOR;ElseI;SD;AOR;SM;AA;BR;BWO;CN;DIS;DOC;RAR;ROR;SI;MRV;EI;VR;SR;CFSM;DTR;BCO
Python,3,exponential,0.4,31.2,exact_cost_aware,10.0,31.0,MCR;SI;MRV;AIS;LOR;CI;EI;MOCS;VR;SD
Python,3,exponential,0.4,31.2,random,14.018,31.0,Mean of 1000 random portfolios
Python,3,exponential,0.5,39.0,frequency,13.0,39.0,MCR;CI;MOCS;SI;MRV;AIS;EI;LOR;CR;VR;SR;CFSM;ElseI
Python,3,exponential,0.5,39.0,frequency_per_cost,14.0,39.0,MCR;SI;MRV;AIS;LOR;CI;EI;MOCS;VR;ElseI;SD;SR;CR;AOR
Python,3,exponential,0.5,39.0,cheap_first,26.0,38.0,AIS;LOR;ElseI;SD;AOR;SM;AA;BR;BWO;CN;DIS;DOC;RAR;ROR;SI;MRV;EI;VR;SR;CFSM;DTR;BCO;CASEI;EII;FLI;WLI
Python,3,exponential,0.5,39.0,exact_cost_aware,15.0,39.0,MCR;SI;MRV;AIS;LOR;CI;EI;MOCS;VR;ElseI;SD;SR;CFSM;DTR;AOR
Python,3,exponential,0.5,39.0,random,17.445,38.999,Mean of 1000 random portfolios
Python,3,steep,0.1,10.4,frequency,3.0,10.0,MCR;SI;AIS
Python,3,steep,0.1,10.4,frequency_per_cost,3.0,10.0,AIS;MCR;SI
Python,3,steep,0.1,10.4,cheap_first,10.0,10.0,AIS;LOR;ElseI;SD;AOR;SM;AA;BR;BWO;CN
Python,3,steep,0.1,10.4,exact_cost_aware,3.0,10.0,AIS;MCR;SI
Python,3,steep,0.1,10.4,random,4.707,10.0,Mean of 1000 random portfolios
Python,3,steep,0.2,20.8,frequency,4.0,20.0,MCR;CI;SI;AIS
Python,3,steep,0.2,20.8,frequency_per_cost,9.0,20.0,AIS;MCR;SI;MRV;LOR;EI;ElseI;SD;AOR
Python,3,steep,0.2,20.8,cheap_first,16.0,20.0,AIS;LOR;ElseI;SD;AOR;SM;AA;BR;BWO;CN;DIS;DOC;RAR;ROR;SI;MRV
Python,3,steep,0.2,20.8,exact_cost_aware,9.0,20.0,AIS;MCR;SI;MRV;LOR;EI;ElseI;SD;AOR
Python,3,steep,0.2,20.8,random,7.71,20.0,Mean of 1000 random portfolios
Python,3,steep,0.3,31.2,frequency,6.0,31.0,MCR;CI;MOCS;SI;AIS;LOR
Python,3,steep,0.3,31.2,frequency_per_cost,11.0,31.0,AIS;MCR;SI;MRV;LOR;CI;EI;ElseI;SD;AOR;SM
Python,3,steep,0.3,31.2,cheap_first,19.0,29.0,AIS;LOR;ElseI;SD;AOR;SM;AA;BR;BWO;CN;DIS;DOC;RAR;ROR;SI;MRV;EI;VR;SR
Python,3,steep,0.3,31.2,exact_cost_aware,11.0,31.0,AIS;MCR;SI;MRV;LOR;CI;EI;ElseI;SD;AOR;SM
Python,3,steep,0.3,31.2,random,11.222,31.0,Mean of 1000 random portfolios
Python,3,steep,0.4,41.6,frequency,10.0,41.0,MCR;CI;MOCS;SI;MRV;AIS;EI;LOR;VR;ElseI
Python,3,steep,0.4,41.6,frequency_per_cost,12.0,41.0,AIS;MCR;SI;MRV;LOR;CI;EI;MOCS;ElseI;SD;AOR;SM
Python,3,steep,0.4,41.6,cheap_first,23.0,41.0,AIS;LOR;ElseI;SD;AOR;SM;AA;BR;BWO;CN;DIS;DOC;RAR;ROR;SI;MRV;EI;VR;SR;CFSM;DTR;BCO;CASEI
Python,3,steep,0.4,41.6,exact_cost_aware,12.0,41.0,AIS;MCR;SI;MRV;LOR;CI;EI;MOCS;ElseI;SD;AOR;SM
Python,3,steep,0.4,41.6,random,14.347,41.0,Mean of 1000 random portfolios
Python,3,steep,0.5,52.0,frequency,12.0,52.0,MCR;CI;MOCS;SI;MRV;AIS;EI;LOR;CR;VR;SR;CFSM
Python,3,steep,0.5,52.0,frequency_per_cost,17.0,52.0,AIS;MCR;SI;MRV;LOR;CI;EI;MOCS;ElseI;SD;VR;SR;AOR;SM;CFSM;AA;BR
Python,3,steep,0.5,52.0,cheap_first,26.0,50.0,AIS;LOR;ElseI;SD;AOR;SM;AA;BR;BWO;CN;DIS;DOC;RAR;ROR;SI;MRV;EI;VR;SR;CFSM;DTR;BCO;CASEI;EII;FLI;WLI
Python,3,steep,0.5,52.0,exact_cost_aware,15.0,52.0,AIS;MCR;SI;MRV;LOR;CI;EI;MOCS;ElseI;SD;VR;SR;SM;CFSM;DTR
Python,3,steep,0.5,52.0,random,17.564,51.996,Mean of 1000 random portfolios
Python,4,linear,0.1,6.2,frequency,3.0,6.0,MCR;SI;AIS
Python,4,linear,0.1,6.2,frequency_per_cost,3.0,6.0,MCR;SI;AIS
Python,4,linear,0.1,6.2,cheap_first,6.0,6.0,AIS;LOR;ElseI;SD;AOR;SM
Python,4,linear,0.1,6.2,exact_cost_aware,3.0,6.0,MCR;SI;AIS
Python,4,linear,0.1,6.2,random,3.638,6.0,Mean of 1000 random portfolios
Python,4,linear,0.2,12.4,frequency,5.0,12.0,MCR;CI;SI;MRV;AIS
Python,4,linear,0.2,12.4,frequency_per_cost,5.0,12.0,MCR;SI;CI;MRV;AIS
Python,4,linear,0.2,12.4,cheap_first,12.0,12.0,AIS;LOR;ElseI;SD;AOR;SM;AA;BR;BWO;CN;DIS;DOC
Python,4,linear,0.2,12.4,exact_cost_aware,5.0,12.0,MCR;SI;CI;MRV;AIS
Python,4,linear,0.2,12.4,random,6.837,12.0,Mean of 1000 random portfolios
Python,4,linear,0.3,18.6,frequency,8.0,18.0,MCR;CI;SI;MOCS;MRV;AIS;LOR;ElseI
Python,4,linear,0.3,18.6,frequency_per_cost,8.0,18.0,MCR;SI;CI;MRV;AIS;LOR;MOCS;ElseI
Python,4,linear,0.3,18.6,cheap_first,16.0,18.0,AIS;LOR;ElseI;SD;AOR;SM;AA;BR;BWO;CN;DIS;DOC;RAR;ROR;SI;MRV
Python,4,linear,0.3,18.6,exact_cost_aware,8.0,18.0,MCR;SI;CI;MRV;AIS;LOR;MOCS;SD
Python,4,linear,0.3,18.6,random,10.02,18.0,Mean of 1000 random portfolios
Python,4,linear,0.4,24.8,frequency,11.0,24.0,MCR;CI;SI;MOCS;MRV;AIS;LOR;EI;SR;VR;ElseI
Python,4,linear,0.4,24.8,frequency_per_cost,11.0,24.0,MCR;SI;CI;MRV;AIS;LOR;MOCS;EI;SR;VR;ElseI
Python,4,linear,0.4,24.8,cheap_first,19.0,24.0,AIS;LOR;ElseI;SD;AOR;SM;AA;BR;BWO;CN;DIS;DOC;RAR;ROR;SI;MRV;EI;SR;VR
Python,4,linear,0.4,24.8,exact_cost_aware,11.0,24.0,MCR;SI;CI;MRV;AIS;LOR;MOCS;EI;SR;VR;ElseI
Python,4,linear,0.4,24.8,random,13.192,24.0,Mean of 1000 random portfolios
Python,4,linear,0.5,31.0,frequency,15.0,31.0,MCR;CI;SI;MOCS;MRV;AIS;LOR;EI;SR;VR;CFSM;CR;ElseI;SD;AOR
Python,4,linear,0.5,31.0,frequency_per_cost,16.0,31.0,MCR;SI;CI;MRV;AIS;LOR;MOCS;EI;SR;VR;ElseI;SD;CFSM;AOR;SM;DTR
Python,4,linear,0.5,31.0,cheap_first,22.0,30.0,AIS;LOR;ElseI;SD;AOR;SM;AA;BR;BWO;CN;DIS;DOC;RAR;ROR;SI;MRV;EI;SR;VR;CFSM;DTR;BCO
Python,4,linear,0.5,31.0,exact_cost_aware,16.0,31.0,MCR;SI;CI;MRV;AIS;LOR;MOCS;EI;SR;VR;ElseI;SD;CFSM;AOR;SM;DTR
Python,4,linear,0.5,31.0,random,16.898,31.0,Mean of 1000 random portfolios
Python,4,exponential,0.1,7.8,frequency,3.0,7.0,MCR;SI;AIS
Python,4,exponential,0.1,7.8,frequency_per_cost,3.0,7.0,SI;MCR;AIS
Python,4,exponential,0.1,7.8,cheap_first,7.0,7.0,AIS;LOR;ElseI;SD;AOR;SM;AA
Python,4,exponential,0.1,7.8,exact_cost_aware,3.0,7.0,SI;MCR;AIS
Python,4,exponential,0.1,7.8,random,4.38,7.0,Mean of 1000 random portfolios
Python,4,exponential,0.2,15.6,frequency,4.0,15.0,MCR;CI;SI;AIS
Python,4,exponential,0.2,15.6,frequency_per_cost,8.0,15.0,SI;MCR;MRV;AIS;LOR;EI;SR;ElseI
Python,4,exponential,0.2,15.6,cheap_first,14.0,14.0,AIS;LOR;ElseI;SD;AOR;SM;AA;BR;BWO;CN;DIS;DOC;RAR;ROR
Python,4,exponential,0.2,15.6,exact_cost_aware,4.0,15.0,SI;MCR;AIS;CI
Python,4,exponential,0.2,15.6,random,7.525,15.0,Mean of 1000 random portfolios
Python,4,exponential,0.3,23.4,frequency,5.0,23.0,MCR;CI;SI;MOCS;AIS
Python,4,exponential,0.3,23.4,frequency_per_cost,9.0,23.0,SI;MCR;MRV;AIS;LOR;CI;EI;SR;ElseI
Python,4,exponential,0.3,23.4,cheap_first,18.0,22.0,AIS;LOR;ElseI;SD;AOR;SM;AA;BR;BWO;CN;DIS;DOC;RAR;ROR;SI;MRV;EI;SR
Python,4,exponential,0.3,23.4,exact_cost_aware,9.0,23.0,SI;MCR;MRV;AIS;LOR;CI;EI;SR;SD
Python,4,exponential,0.3,23.4,random,10.727,23.0,Mean of 1000 random portfolios
Python,4,exponential,0.4,31.2,frequency,10.0,31.0,MCR;CI;SI;MOCS;MRV;AIS;LOR;EI;SR;ElseI
Python,4,exponential,0.4,31.2,frequency_per_cost,10.0,31.0,SI;MCR;MRV;AIS;LOR;CI;EI;MOCS;SR;ElseI
Python,4,exponential,0.4,31.2,cheap_first,22.0,30.0,AIS;LOR;ElseI;SD;AOR;SM;AA;BR;BWO;CN;DIS;DOC;RAR;ROR;SI;MRV;EI;SR;VR;CFSM;DTR;BCO
Python,4,exponential,0.4,31.2,exact_cost_aware,10.0,31.0,SI;MCR;MRV;AIS;LOR;CI;EI;MOCS;SR;SD
Python,4,exponential,0.4,31.2,random,14.18,31.0,Mean of 1000 random portfolios
Python,4,exponential,0.5,39.0,frequency,13.0,39.0,MCR;CI;SI;MOCS;MRV;AIS;LOR;EI;SR;VR;CFSM;CR;ElseI
Python,4,exponential,0.5,39.0,frequency_per_cost,16.0,39.0,SI;MCR;MRV;AIS;LOR;CI;EI;MOCS;SR;VR;ElseI;SD;CFSM;AOR;SM;AA
Python,4,exponential,0.5,39.0,cheap_first,26.0,38.0,AIS;LOR;ElseI;SD;AOR;SM;AA;BR;BWO;CN;DIS;DOC;RAR;ROR;SI;MRV;EI;SR;VR;CFSM;DTR;BCO;CASEI;EII;FLI;WLI
Python,4,exponential,0.5,39.0,exact_cost_aware,15.0,38.0,SI;MCR;MRV;AIS;LOR;CI;EI;MOCS;SR;VR;ElseI;SD;CFSM;AOR;SM
Python,4,exponential,0.5,39.0,random,17.274,38.999,Mean of 1000 random portfolios
Python,4,steep,0.1,10.4,frequency,3.0,10.0,MCR;SI;AIS
Python,4,steep,0.1,10.4,frequency_per_cost,3.0,10.0,SI;MCR;AIS
Python,4,steep,0.1,10.4,cheap_first,10.0,10.0,AIS;LOR;ElseI;SD;AOR;SM;AA;BR;BWO;CN
Python,4,steep,0.1,10.4,exact_cost_aware,3.0,10.0,SI;MCR;AIS
Python,4,steep,0.1,10.4,random,4.624,10.0,Mean of 1000 random portfolios
Python,4,steep,0.2,20.8,frequency,4.0,20.0,MCR;CI;SI;AIS
Python,4,steep,0.2,20.8,frequency_per_cost,9.0,20.0,SI;MCR;AIS;LOR;MRV;EI;ElseI;SD;AOR
Python,4,steep,0.2,20.8,cheap_first,16.0,20.0,AIS;LOR;ElseI;SD;AOR;SM;AA;BR;BWO;CN;DIS;DOC;RAR;ROR;SI;MRV
Python,4,steep,0.2,20.8,exact_cost_aware,4.0,20.0,SI;MCR;AIS;CI
Python,4,steep,0.2,20.8,random,7.826,20.0,Mean of 1000 random portfolios
Python,4,steep,0.3,31.2,frequency,6.0,31.0,MCR;CI;SI;MOCS;AIS;LOR
Python,4,steep,0.3,31.2,frequency_per_cost,11.0,31.0,SI;MCR;AIS;LOR;MRV;CI;EI;ElseI;SD;AOR;SM
Python,4,steep,0.3,31.2,cheap_first,19.0,29.0,AIS;LOR;ElseI;SD;AOR;SM;AA;BR;BWO;CN;DIS;DOC;RAR;ROR;SI;MRV;EI;SR;VR
Python,4,steep,0.3,31.2,exact_cost_aware,9.0,31.0,SI;MCR;AIS;LOR;MRV;CI;EI;SD;SR
Python,4,steep,0.3,31.2,random,11.165,31.0,Mean of 1000 random portfolios
Python,4,steep,0.4,41.6,frequency,10.0,41.0,MCR;CI;SI;MOCS;MRV;AIS;LOR;EI;SR;ElseI
Python,4,steep,0.4,41.6,frequency_per_cost,12.0,41.0,SI;MCR;AIS;LOR;MRV;CI;MOCS;EI;ElseI;SD;AOR;SM
Python,4,steep,0.4,41.6,cheap_first,23.0,41.0,AIS;LOR;ElseI;SD;AOR;SM;AA;BR;BWO;CN;DIS;DOC;RAR;ROR;SI;MRV;EI;SR;VR;CFSM;DTR;BCO;CASEI
Python,4,steep,0.4,41.6,exact_cost_aware,10.0,41.0,SI;MCR;AIS;LOR;MRV;CI;MOCS;EI;SD;SR
Python,4,steep,0.4,41.6,random,14.29,41.0,Mean of 1000 random portfolios
Python,4,steep,0.5,52.0,frequency,12.0,52.0,MCR;CI;SI;MOCS;MRV;AIS;LOR;EI;SR;VR;CFSM;CR
Python,4,steep,0.5,52.0,frequency_per_cost,17.0,52.0,SI;MCR;AIS;LOR;MRV;CI;MOCS;EI;ElseI;SD;SR;VR;AOR;SM;CFSM;AA;BR
Python,4,steep,0.5,52.0,cheap_first,26.0,50.0,AIS;LOR;ElseI;SD;AOR;SM;AA;BR;BWO;CN;DIS;DOC;RAR;ROR;SI;MRV;EI;SR;VR;CFSM;DTR;BCO;CASEI;EII;FLI;WLI
Python,4,steep,0.5,52.0,exact_cost_aware,15.0,50.0,SI;MCR;AIS;LOR;MRV;CI;MOCS;EI;ElseI;SD;SR;VR;AOR;SM;CFSM
Python,4,steep,0.5,52.0,random,17.668,51.996,Mean of 1000 random portfolios
Python,5,linear,0.1,6.2,frequency,3.0,6.0,MCR;SI;AIS
Python,5,linear,0.1,6.2,frequency_per_cost,3.0,6.0,MCR;SI;AIS
Python,5,linear,0.1,6.2,cheap_first,6.0,6.0,AIS;LOR;ElseI;SD;SM;AA
Python,5,linear,0.1,6.2,exact_cost_aware,3.0,6.0,MCR;SI;AIS
Python,5,linear,0.1,6.2,random,3.66,6.0,Mean of 1000 random portfolios
Python,5,linear,0.2,12.4,frequency,5.0,12.0,MCR;CI;SI;MRV;AIS
Python,5,linear,0.2,12.4,frequency_per_cost,5.0,12.0,MCR;SI;CI;MRV;AIS
Python,5,linear,0.2,12.4,cheap_first,12.0,12.0,AIS;LOR;ElseI;SD;SM;AA;AOR;BR;BWO;CN;DIS;DOC
Python,5,linear,0.2,12.4,exact_cost_aware,5.0,12.0,MCR;SI;CI;MRV;AIS
Python,5,linear,0.2,12.4,random,6.867,12.0,Mean of 1000 random portfolios
Python,5,linear,0.3,18.6,frequency,7.0,18.0,MCR;CI;SI;MOCS;MRV;AIS;EI
Python,5,linear,0.3,18.6,frequency_per_cost,7.0,18.0,MCR;SI;CI;MRV;AIS;MOCS;EI
Python,5,linear,0.3,18.6,cheap_first,16.0,18.0,AIS;LOR;ElseI;SD;SM;AA;AOR;BR;BWO;CN;DIS;DOC;RAR;ROR;SI;MRV
Python,5,linear,0.3,18.6,exact_cost_aware,7.0,18.0,MCR;SI;CI;MRV;AIS;MOCS;EI
Python,5,linear,0.3,18.6,random,9.939,18.0,Mean of 1000 random portfolios
Python,5,linear,0.4,24.8,frequency,10.0,24.0,MCR;CI;SI;MOCS;MRV;AIS;EI;CR;SR;LOR
Python,5,linear,0.4,24.8,frequency_per_cost,10.0,24.0,MCR;SI;CI;MRV;AIS;MOCS;EI;LOR;SR;CR
Python,5,linear,0.4,24.8,cheap_first,19.0,24.0,AIS;LOR;ElseI;SD;SM;AA;AOR;BR;BWO;CN;DIS;DOC;RAR;ROR;SI;MRV;EI;SR;DTR
Python,5,linear,0.4,24.8,exact_cost_aware,10.0,24.0,MCR;SI;CI;MRV;AIS;MOCS;EI;LOR;SR;CR
Python,5,linear,0.4,24.8,random,13.195,24.0,Mean of 1000 random portfolios
Python,5,linear,0.5,31.0,frequency,13.0,31.0,MCR;CI;SI;MOCS;MRV;AIS;EI;CR;SR;LOR;DTR;MA;VR
Python,5,linear,0.5,31.0,frequency_per_cost,15.0,31.0,MCR;SI;CI;MRV;AIS;MOCS;EI;LOR;SR;CR;DTR;VR;ElseI;SD;SM
Python,5,linear,0.5,31.0,cheap_first,22.0,30.0,AIS;LOR;ElseI;SD;SM;AA;AOR;BR;BWO;CN;DIS;DOC;RAR;ROR;SI;MRV;EI;SR;DTR;VR;CFSM;BCO
Python,5,linear,0.5,31.0,exact_cost_aware,15.0,31.0,MCR;SI;CI;MRV;AIS;MOCS;EI;LOR;SR;CR;DTR;VR;ElseI;SD;SM
Python,5,linear,0.5,31.0,random,16.789,31.0,Mean of 1000 random portfolios
Python,5,exponential,0.1,7.8,frequency,3.0,7.0,MCR;SI;AIS
Python,5,exponential,0.1,7.8,frequency_per_cost,3.0,7.0,MCR;SI;AIS
Python,5,exponential,0.1,7.8,cheap_first,7.0,7.0,AIS;LOR;ElseI;SD;SM;AA;AOR
Python,5,exponential,0.1,7.8,exact_cost_aware,3.0,7.0,MCR;SI;AIS
Python,5,exponential,0.1,7.8,random,4.426,7.0,Mean of 1000 random portfolios
Python,5,exponential,0.2,15.6,frequency,4.0,15.0,MCR;CI;SI;AIS
Python,5,exponential,0.2,15.6,frequency_per_cost,8.0,15.0,MCR;SI;MRV;AIS;EI;LOR;SR;ElseI
Python,5,exponential,0.2,15.6,cheap_first,14.0,14.0,AIS;LOR;ElseI;SD;SM;AA;AOR;BR;BWO;CN;DIS;DOC;RAR;ROR
Python,5,exponential,0.2,15.6,exact_cost_aware,4.0,15.0,MCR;SI;AIS;CI
Python,5,exponential,0.2,15.6,random,7.418,15.0,Mean of 1000 random portfolios
Python,5,exponential,0.3,23.4,frequency,5.0,23.0,MCR;CI;SI;MOCS;AIS
Python,5,exponential,0.3,23.4,frequency_per_cost,9.0,23.0,MCR;SI;MRV;AIS;CI;EI;LOR;SR;ElseI
Python,5,exponential,0.3,23.4,cheap_first,18.0,22.0,AIS;LOR;ElseI;SD;SM;AA;AOR;BR;BWO;CN;DIS;DOC;RAR;ROR;SI;MRV;EI;SR
Python,5,exponential,0.3,23.4,exact_cost_aware,9.0,23.0,MCR;SI;MRV;AIS;CI;EI;LOR;SR;SM
Python,5,exponential,0.3,23.4,random,10.838,23.0,Mean of 1000 random portfolios
Python,5,exponential,0.4,31.2,frequency,8.0,31.0,MCR;CI;SI;MOCS;MRV;AIS;EI;CR
Python,5,exponential,0.4,31.2,frequency_per_cost,10.0,31.0,MCR;SI;MRV;AIS;CI;EI;LOR;MOCS;SR;ElseI
Python,5,exponential,0.4,31.2,cheap_first,22.0,30.0,AIS;LOR;ElseI;SD;SM;AA;AOR;BR;BWO;CN;DIS;DOC;RAR;ROR;SI;MRV;EI;SR;DTR;VR;CFSM;BCO
Python,5,exponential,0.4,31.2,exact_cost_aware,10.0,31.0,MCR;SI;MRV;AIS;CI;EI;LOR;MOCS;SR;SD
Python,5,exponential,0.4,31.2,random,14.151,31.0,Mean of 1000 random portfolios
Python,5,exponential,0.5,39.0,frequency,13.0,39.0,MCR;CI;SI;MOCS;MRV;AIS;EI;CR;SR;LOR;DTR;VR;ElseI
Python,5,exponential,0.5,39.0,frequency_per_cost,13.0,39.0,MCR;SI;MRV;AIS;CI;EI;LOR;MOCS;SR;CR;DTR;VR;ElseI
Python,5,exponential,0.5,39.0,cheap_first,26.0,38.0,AIS;LOR;ElseI;SD;SM;AA;AOR;BR;BWO;CN;DIS;DOC;RAR;ROR;SI;MRV;EI;SR;DTR;VR;CFSM;BCO;CASEI;EII;FLI;WLI
Python,5,exponential,0.5,39.0,exact_cost_aware,14.0,39.0,MCR;SI;MRV;AIS;CI;EI;LOR;MOCS;SR;CR;DTR;ElseI;SD;SM
Python,5,exponential,0.5,39.0,random,17.198,38.998,Mean of 1000 random portfolios
Python,5,steep,0.1,10.4,frequency,3.0,10.0,MCR;SI;AIS
Python,5,steep,0.1,10.4,frequency_per_cost,3.0,10.0,MCR;SI;AIS
Python,5,steep,0.1,10.4,cheap_first,10.0,10.0,AIS;LOR;ElseI;SD;SM;AA;AOR;BR;BWO;CN
Python,5,steep,0.1,10.4,exact_cost_aware,3.0,10.0,MCR;SI;AIS
Python,5,steep,0.1,10.4,random,4.583,10.0,Mean of 1000 random portfolios
Python,5,steep,0.2,20.8,frequency,4.0,20.0,MCR;CI;SI;AIS
Python,5,steep,0.2,20.8,frequency_per_cost,7.0,20.0,MCR;SI;AIS;MRV;LOR;EI;SR
Python,5,steep,0.2,20.8,cheap_first,16.0,20.0,AIS;LOR;ElseI;SD;SM;AA;AOR;BR;BWO;CN;DIS;DOC;RAR;ROR;SI;MRV
Python,5,steep,0.2,20.8,exact_cost_aware,4.0,20.0,MCR;SI;AIS;CI
Python,5,steep,0.2,20.8,random,7.839,20.0,Mean of 1000 random portfolios
Python,5,steep,0.3,31.2,frequency,6.0,31.0,MCR;CI;SI;MOCS;AIS;LOR
Python,5,steep,0.3,31.2,frequency_per_cost,9.0,31.0,MCR;SI;AIS;MRV;CI;LOR;EI;SR;ElseI
Python,5,steep,0.3,31.2,cheap_first,19.0,29.0,AIS;LOR;ElseI;SD;SM;AA;AOR;BR;BWO;CN;DIS;DOC;RAR;ROR;SI;MRV;EI;SR;DTR
Python,5,steep,0.3,31.2,exact_cost_aware,9.0,31.0,MCR;SI;AIS;MRV;CI;LOR;EI;SR;SD
Python,5,steep,0.3,31.2,random,11.317,31.0,Mean of 1000 random portfolios
Python,5,steep,0.4,41.6,frequency,10.0,41.0,MCR;CI;SI;MOCS;MRV;AIS;EI;SR;LOR;ElseI
Python,5,steep,0.4,41.6,frequency_per_cost,10.0,41.0,MCR;SI;AIS;MRV;CI;LOR;EI;MOCS;SR;ElseI
Python,5,steep,0.4,41.6,cheap_first,23.0,41.0,AIS;LOR;ElseI;SD;SM;AA;AOR;BR;BWO;CN;DIS;DOC;RAR;ROR;SI;MRV;EI;SR;DTR;VR;CFSM;BCO;CASEI
Python,5,steep,0.4,41.6,exact_cost_aware,10.0,41.0,MCR;SI;AIS;MRV;CI;LOR;EI;MOCS;SR;SD
Python,5,steep,0.4,41.6,random,14.213,41.0,Mean of 1000 random portfolios
Python,5,steep,0.5,52.0,frequency,12.0,52.0,MCR;CI;SI;MOCS;MRV;AIS;EI;CR;SR;LOR;DTR;VR
Python,5,steep,0.5,52.0,frequency_per_cost,14.0,52.0,MCR;SI;AIS;MRV;CI;LOR;EI;MOCS;SR;ElseI;SD;SM;CR;DTR
Python,5,steep,0.5,52.0,cheap_first,26.0,50.0,AIS;LOR;ElseI;SD;SM;AA;AOR;BR;BWO;CN;DIS;DOC;RAR;ROR;SI;MRV;EI;SR;DTR;VR;CFSM;BCO;CASEI;EII;FLI;WLI
Python,5,steep,0.5,52.0,exact_cost_aware,14.0,52.0,MCR;SI;AIS;MRV;CI;LOR;EI;MOCS;SR;ElseI;SD;SM;CR;DTR
Python,5,steep,0.5,52.0,random,17.727,51.994,Mean of 1000 random portfolios
