language,fold,method,k,covered,total,coverage_percent
Java,1,Frequency source-level portfolio,1,52.0,446,11.659192825112108
Java,1,Composition-aware source-level portfolio,1,35.0,446,7.8475336322869955
Java,1,Random source-level portfolio,1,6.965,446,1.561659192825112
Java,1,Frequency source-level portfolio,3,159.0,446,35.65022421524664
Java,1,Composition-aware source-level portfolio,3,159.0,446,35.65022421524664
Java,1,Random source-level portfolio,3,22.907,446,5.13609865470852
Java,1,Frequency source-level portfolio,5,215.0,446,48.20627802690583
Java,1,Composition-aware source-level portfolio,5,215.0,446,48.20627802690583
Java,1,Random source-level portfolio,5,40.235,446,9.021300448430493
Java,1,Frequency source-level portfolio,10,289.0,446,64.79820627802691
Java,1,Composition-aware source-level portfolio,10,252.0,446,56.502242152466366
Java,1,Random source-level portfolio,10,87.335,446,19.581838565022423
Java,2,Frequency source-level portfolio,1,1.0,47,2.127659574468085
Java,2,Composition-aware source-level portfolio,1,1.0,47,2.127659574468085
Java,2,Random source-level portfolio,1,0.576,47,1.2255319148936168
Java,2,Frequency source-level portfolio,3,11.0,47,23.404255319148938
Java,2,Composition-aware source-level portfolio,3,11.0,47,23.404255319148938
Java,2,Random source-level portfolio,3,1.916,47,4.0765957446808505
Java,2,Frequency source-level portfolio,5,18.0,47,38.297872340425535
Java,2,Composition-aware source-level portfolio,5,20.0,47,42.5531914893617
Java,2,Random source-level portfolio,5,3.603,47,7.665957446808511
Java,2,Frequency source-level portfolio,10,27.0,47,57.4468085106383
Java,2,Composition-aware source-level portfolio,10,27.0,47,57.4468085106383
Java,2,Random source-level portfolio,10,8.071,47,17.172340425531914
Java,3,Frequency source-level portfolio,1,2.0,46,4.3478260869565215
Java,3,Composition-aware source-level portfolio,1,2.0,46,4.3478260869565215
Java,3,Random source-level portfolio,1,0.561,46,1.2195652173913045
Java,3,Frequency source-level portfolio,3,10.0,46,21.73913043478261
Java,3,Composition-aware source-level portfolio,3,10.0,46,21.73913043478261
Java,3,Random source-level portfolio,3,1.673,46,3.6369565217391306
Java,3,Frequency source-level portfolio,5,15.0,46,32.608695652173914
Java,3,Composition-aware source-level portfolio,5,13.0,46,28.26086956521739
Java,3,Random source-level portfolio,5,2.999,46,6.519565217391305
Java,3,Frequency source-level portfolio,10,18.0,46,39.130434782608695
Java,3,Composition-aware source-level portfolio,10,18.0,46,39.130434782608695
Java,3,Random source-level portfolio,10,7.284,46,15.834782608695651
Java,4,Frequency source-level portfolio,1,3.0,40,7.5
Java,4,Composition-aware source-level portfolio,1,3.0,40,7.5
Java,4,Random source-level portfolio,1,0.832,40,2.08
Java,4,Frequency source-level portfolio,3,16.0,40,40.0
Java,4,Composition-aware source-level portfolio,3,16.0,40,40.0
Java,4,Random source-level portfolio,3,2.446,40,6.115
Java,4,Frequency source-level portfolio,5,18.0,40,45.0
Java,4,Composition-aware source-level portfolio,5,19.0,40,47.5
Java,4,Random source-level portfolio,5,4.204,40,10.51
Java,4,Frequency source-level portfolio,10,25.0,40,62.5
Java,4,Composition-aware source-level portfolio,10,26.0,40,65.0
Java,4,Random source-level portfolio,10,9.073,40,22.6825
Java,5,Frequency source-level portfolio,1,6.0,40,15.0
Java,5,Composition-aware source-level portfolio,1,6.0,40,15.0
Java,5,Random source-level portfolio,1,0.889,40,2.2225
Java,5,Frequency source-level portfolio,3,19.0,40,47.5
Java,5,Composition-aware source-level portfolio,3,19.0,40,47.5
Java,5,Random source-level portfolio,3,2.656,40,6.640000000000001
Java,5,Frequency source-level portfolio,5,24.0,40,60.0
Java,5,Composition-aware source-level portfolio,5,23.0,40,57.5
Java,5,Random source-level portfolio,5,4.331,40,10.8275
Java,5,Frequency source-level portfolio,10,31.0,40,77.5
Java,5,Composition-aware source-level portfolio,10,34.0,40,85.0
Java,5,Random source-level portfolio,10,9.447,40,23.6175
JavaScript,1,Frequency source-level portfolio,1,4.0,94,4.25531914893617
JavaScript,1,Composition-aware source-level portfolio,1,5.0,94,5.319148936170213
JavaScript,1,Random source-level portfolio,1,3.536,94,3.7617021276595746
JavaScript,1,Frequency source-level portfolio,3,16.0,94,17.02127659574468
JavaScript,1,Composition-aware source-level portfolio,3,16.0,94,17.02127659574468
JavaScript,1,Random source-level portfolio,3,10.787,94,11.475531914893617
JavaScript,1,Frequency source-level portfolio,5,32.0,94,34.04255319148936
JavaScript,1,Composition-aware source-level portfolio,5,32.0,94,34.04255319148936
JavaScript,1,Random source-level portfolio,5,19.596,94,20.846808510638297
JavaScript,1,Frequency source-level portfolio,10,47.0,94,50.0
JavaScript,1,Composition-aware source-level portfolio,10,52.0,94,55.319148936170215
JavaScript,1,Random source-level portfolio,10,45.619,94,48.530851063829786
JavaScript,2,Frequency source-level portfolio,1,0.0,12,0.0
JavaScript,2,Composition-aware source-level portfolio,1,0.0,12,0.0
JavaScript,2,Random source-level portfolio,1,0.329,12,2.7416666666666667
JavaScript,2,Frequency source-level portfolio,3,4.0,12,33.333333333333336
JavaScript,2,Composition-aware source-level portfolio,3,1.0,12,8.333333333333334
JavaScript,2,Random source-level portfolio,3,0.957,12,7.9750000000000005
JavaScript,2,Frequency source-level portfolio,5,4.0,12,33.333333333333336
JavaScript,2,Composition-aware source-level portfolio,5,5.0,12,41.666666666666664
JavaScript,2,Random source-level portfolio,5,1.627,12,13.558333333333332
JavaScript,2,Frequency source-level portfolio,10,9.0,12,75.0
JavaScript,2,Composition-aware source-level portfolio,10,9.0,12,75.0
JavaScript,2,Random source-level portfolio,10,3.88,12,32.333333333333336
JavaScript,3,Frequency source-level portfolio,1,0.0,11,0.0
JavaScript,3,Composition-aware source-level portfolio,1,0.0,11,0.0
JavaScript,3,Random source-level portfolio,1,0.426,11,3.872727272727273
JavaScript,3,Frequency source-level portfolio,3,3.0,11,27.272727272727273
JavaScript,3,Composition-aware source-level portfolio,3,3.0,11,27.272727272727273
JavaScript,3,Random source-level portfolio,3,1.254,11,11.4
JavaScript,3,Frequency source-level portfolio,5,4.0,11,36.36363636363637
JavaScript,3,Composition-aware source-level portfolio,5,4.0,11,36.36363636363637
JavaScript,3,Random source-level portfolio,5,2.078,11,18.89090909090909
JavaScript,3,Frequency source-level portfolio,10,8.0,11,72.72727272727273
JavaScript,3,Composition-aware source-level portfolio,10,8.0,11,72.72727272727273
JavaScript,3,Random source-level portfolio,10,4.204,11,38.21818181818182
JavaScript,4,Frequency source-level portfolio,1,0.0,6,0.0
JavaScript,4,Composition-aware source-level portfolio,1,0.0,6,0.0
JavaScript,4,Random source-level portfolio,1,0.192,6,3.1999999999999997
JavaScript,4,Frequency source-level portfolio,3,2.0,6,33.333333333333336
JavaScript,4,Composition-aware source-level portfolio,3,2.0,6,33.333333333333336
JavaScript,4,Random source-level portfolio,3,0.529,6,8.816666666666668
JavaScript,4,Frequency source-level portfolio,5,2.0,6,33.333333333333336
JavaScript,4,Composition-aware source-level portfolio,5,2.0,6,33.333333333333336
JavaScript,4,Random source-level portfolio,5,0.897,6,14.950000000000001
JavaScript,4,Frequency source-level portfolio,10,6.0,6,100.0
JavaScript,4,Composition-aware source-level portfolio,10,6.0,6,100.0
JavaScript,4,Random source-level portfolio,10,1.907,6,31.78333333333333
JavaScript,5,Frequency source-level portfolio,1,1.0,5,20.0
JavaScript,5,Composition-aware source-level portfolio,1,0.0,5,0.0
JavaScript,5,Random source-level portfolio,1,0.113,5,2.2600000000000002
JavaScript,5,Frequency source-level portfolio,3,2.0,5,40.0
JavaScript,5,Composition-aware source-level portfolio,3,2.0,5,40.0
JavaScript,5,Random source-level portfolio,3,0.43,5,8.6
JavaScript,5,Frequency source-level portfolio,5,2.0,5,40.0
JavaScript,5,Composition-aware source-level portfolio,5,2.0,5,40.0
JavaScript,5,Random source-level portfolio,5,0.695,5,13.9
JavaScript,5,Frequency source-level portfolio,10,4.0,5,80.0
JavaScript,5,Composition-aware source-level portfolio,10,4.0,5,80.0
JavaScript,5,Random source-level portfolio,10,1.67,5,33.4
Python,1,Frequency source-level portfolio,1,1.0,38,2.6315789473684212
Python,1,Composition-aware source-level portfolio,1,1.0,38,2.6315789473684212
Python,1,Random source-level portfolio,1,0.885,38,2.3289473684210527
Python,1,Frequency source-level portfolio,3,10.0,38,26.31578947368421
Python,1,Composition-aware source-level portfolio,3,10.0,38,26.31578947368421
Python,1,Random source-level portfolio,3,2.676,38,7.042105263157896
Python,1,Frequency source-level portfolio,5,26.0,38,68.42105263157895
Python,1,Composition-aware source-level portfolio,5,26.0,38,68.42105263157895
Python,1,Random source-level portfolio,5,5.057,38,13.307894736842107
Python,1,Frequency source-level portfolio,10,33.0,38,86.84210526315789
Python,1,Composition-aware source-level portfolio,10,33.0,38,86.84210526315789
Python,1,Random source-level portfolio,10,12.166,38,32.015789473684215
Python,2,Frequency source-level portfolio,1,7.0,37,18.91891891891892
Python,2,Composition-aware source-level portfolio,1,7.0,37,18.91891891891892
Python,2,Random source-level portfolio,1,0.704,37,1.9027027027027024
Python,2,Frequency source-level portfolio,3,14.0,37,37.83783783783784
Python,2,Composition-aware source-level portfolio,3,14.0,37,37.83783783783784
Python,2,Random source-level portfolio,3,2.267,37,6.127027027027027
Python,2,Frequency source-level portfolio,5,19.0,37,51.351351351351354
Python,2,Composition-aware source-level portfolio,5,19.0,37,51.351351351351354
Python,2,Random source-level portfolio,5,4.391,37,11.867567567567567
Python,2,Frequency source-level portfolio,10,30.0,37,81.08108108108108
Python,2,Composition-aware source-level portfolio,10,30.0,37,81.08108108108108
Python,2,Random source-level portfolio,10,11.41,37,30.83783783783784
Python,3,Frequency source-level portfolio,1,7.0,38,18.42105263157895
Python,3,Composition-aware source-level portfolio,1,7.0,38,18.42105263157895
Python,3,Random source-level portfolio,1,1.162,38,3.0578947368421048
Python,3,Frequency source-level portfolio,3,15.0,38,39.473684210526315
Python,3,Composition-aware source-level portfolio,3,15.0,38,39.473684210526315
Python,3,Random source-level portfolio,3,3.498,38,9.205263157894738
Python,3,Frequency source-level portfolio,5,29.0,38,76.3157894736842
Python,3,Composition-aware source-level portfolio,5,29.0,38,76.3157894736842
Python,3,Random source-level portfolio,5,5.914,38,15.563157894736841
Python,3,Frequency source-level portfolio,10,32.0,38,84.21052631578948
Python,3,Composition-aware source-level portfolio,10,32.0,38,84.21052631578948
Python,3,Random source-level portfolio,10,14.3,38,37.63157894736842
Python,4,Frequency source-level portfolio,1,10.0,37,27.027027027027028
Python,4,Composition-aware source-level portfolio,1,10.0,37,27.027027027027028
Python,4,Random source-level portfolio,1,1.306,37,3.5297297297297296
Python,4,Frequency source-level portfolio,3,17.0,37,45.945945945945944
Python,4,Composition-aware source-level portfolio,3,17.0,37,45.945945945945944
Python,4,Random source-level portfolio,3,3.908,37,10.562162162162162
Python,4,Frequency source-level portfolio,5,28.0,37,75.67567567567568
Python,4,Composition-aware source-level portfolio,5,28.0,37,75.67567567567568
Python,4,Random source-level portfolio,5,7.297,37,19.72162162162162
Python,4,Frequency source-level portfolio,10,31.0,37,83.78378378378379
Python,4,Composition-aware source-level portfolio,10,31.0,37,83.78378378378379
Python,4,Random source-level portfolio,10,15.168,37,40.994594594594595
Python,5,Frequency source-level portfolio,1,7.0,37,18.91891891891892
Python,5,Composition-aware source-level portfolio,1,7.0,37,18.91891891891892
Python,5,Random source-level portfolio,1,1.013,37,2.737837837837837
Python,5,Frequency source-level portfolio,3,17.0,37,45.945945945945944
Python,5,Composition-aware source-level portfolio,3,17.0,37,45.945945945945944
Python,5,Random source-level portfolio,3,3.402,37,9.194594594594594
Python,5,Frequency source-level portfolio,5,25.0,37,67.56756756756756
Python,5,Composition-aware source-level portfolio,5,25.0,37,67.56756756756756
Python,5,Random source-level portfolio,5,5.94,37,16.054054054054053
Python,5,Frequency source-level portfolio,10,27.0,37,72.97297297297297
Python,5,Composition-aware source-level portfolio,10,30.0,37,81.08108108108108
Python,5,Random source-level portfolio,10,14.004,37,37.84864864864865
